rate_date,id,currency_code,rate
2020-01-02,145435,USD,3.800000
2020-01-03,145436,USD,3.821300
2020-01-07,145437,USD,3.786100
2020-01-08,145438,USD,3.812300
2020-01-09,145439,USD,3.825100
2020-01-10,145440,USD,3.827200
2020-01-13,145441,USD,3.810100
2020-01-14,145442,USD,3.801900
2020-01-15,145443,USD,3.799200
2020-01-16,145444,USD,3.796800
2020-01-17,145445,USD,3.805300
2020-01-20,145446,USD,3.827700
2020-01-21,145447,USD,3.828400
2020-01-22,145448,USD,3.820200
2020-01-23,145449,USD,3.830800
2020-01-24,145450,USD,3.847500
2020-01-27,145451,USD,3.872500
2020-01-28,145452,USD,3.884400
2020-01-29,145453,USD,3.887100
2020-01-30,145454,USD,3.885600
2020-01-31,145455,USD,3.899900
2020-02-03,145456,USD,3.886400
2020-02-04,145457,USD,3.877300
2020-02-05,145458,USD,3.865400
2020-02-06,145459,USD,3.867200
2020-02-07,145460,USD,3.894700
2020-02-10,145461,USD,3.899600
2020-02-11,145462,USD,3.904100
2020-02-12,145463,USD,3.901000
2020-02-13,145464,USD,3.910400
2020-02-14,145465,USD,3.909800
2020-02-17,145466,USD,3.918900
2020-02-18,145467,USD,3.944800
2020-02-19,145468,USD,3.955600
2020-02-20,145469,USD,3.962100
2020-02-21,145470,USD,3.962300
2020-02-24,145471,USD,3.977200
2020-02-25,145472,USD,3.962400
2020-02-26,145473,USD,3.957300
2020-02-27,145474,USD,3.941300
2020-02-28,145475,USD,3.925500
2020-03-02,145476,USD,3.902300
2020-03-03,145477,USD,3.880400
2020-03-04,145478,USD,3.853600
2020-03-05,145479,USD,3.847900
2020-03-06,145480,USD,3.823100
2020-03-09,145481,USD,3.789900
2020-03-10,145482,USD,3.805800
2020-03-11,145483,USD,3.818600
2020-03-12,145484,USD,3.864200
2020-03-13,145485,USD,3.906700
2020-03-16,145486,USD,3.923100
2020-03-17,145487,USD,4.046000
2020-03-18,145488,USD,4.074900
2020-03-19,145489,USD,4.242100
2020-03-20,145490,USD,4.240000
2020-03-23,145491,USD,4.265400
2020-03-24,145492,USD,4.242100
2020-03-25,145493,USD,4.222000
2020-03-26,145494,USD,4.198800
2020-03-27,145495,USD,4.112700
2020-03-30,145496,USD,4.093300
2020-03-31,145497,USD,4.146600
2020-04-01,145498,USD,4.170100
2020-04-02,145499,USD,4.191700
2020-04-03,145500,USD,4.239600
2020-04-06,145501,USD,4.225700
2020-04-07,145502,USD,4.171700
2020-04-08,145503,USD,4.180100
2020-04-09,145504,USD,4.174400
2020-04-10,145505,USD,4.156600
2020-04-14,145506,USD,4.166600
2020-04-15,145507,USD,4.151900
2020-04-16,145508,USD,4.163100
2020-04-17,145509,USD,4.188600
2020-04-20,145510,USD,4.152500
2020-04-21,145511,USD,4.177900
2020-04-22,145512,USD,4.173600
2020-04-23,145513,USD,4.209300
2020-04-24,145514,USD,4.214200
2020-04-27,145515,USD,4.169600
2020-04-28,145516,USD,4.184000
2020-04-29,145517,USD,4.180700
2020-04-30,145518,USD,4.172900
2020-05-04,145519,USD,4.164600
2020-05-05,145520,USD,4.192700
2020-05-06,145521,USD,4.202200
2020-05-07,145522,USD,4.216200
2020-05-08,145523,USD,4.206500
2020-05-11,145524,USD,4.212600
2020-05-12,145525,USD,4.209500
2020-05-13,145526,USD,4.211100
2020-05-14,145527,USD,4.226900
2020-05-15,145528,USD,4.213500
2020-05-18,145529,USD,4.222400
2020-05-19,145530,USD,4.164500
2020-05-20,145531,USD,4.161900
2020-05-21,145532,USD,4.134600
2020-05-22,145533,USD,4.150300
2020-05-25,145534,USD,4.142800
2020-05-26,145535,USD,4.088500
2020-05-27,145536,USD,4.050400
2020-05-28,145537,USD,4.024400
2020-05-29,145538,USD,4.003100
2020-06-01,145539,USD,3.968000
2020-06-02,145540,USD,3.930300
2020-06-03,145541,USD,3.912100
2020-06-04,145542,USD,3.957300
2020-06-05,145543,USD,3.921700
2020-06-08,145544,USD,3.919700
2020-06-09,145545,USD,3.945300
2020-06-10,145546,USD,3.918000
2020-06-12,145547,USD,3.929900
2020-06-15,145548,USD,3.941300
2020-06-16,145549,USD,3.905800
2020-06-17,145550,USD,3.953200
2020-06-18,145551,USD,3.958900
2020-06-19,145552,USD,3.974100
2020-06-22,145553,USD,3.966700
2020-06-23,145554,USD,3.931100
2020-06-24,145555,USD,3.939500
2020-06-25,145556,USD,3.962300
2020-06-26,145557,USD,3.969700
2020-06-29,145558,USD,3.965600
2020-06-30,145559,USD,3.980600
2020-07-01,145560,USD,3.959100
2020-07-02,145561,USD,3.952800
2020-07-03,145562,USD,3.976400
2020-07-06,145563,USD,3.958800
2020-07-07,145564,USD,3.968900
2020-07-08,145565,USD,3.966600
2020-07-09,145566,USD,3.948600
2020-07-10,145567,USD,3.964600
2020-07-13,145568,USD,3.956400
2020-07-14,145569,USD,3.957000
2020-07-15,145570,USD,3.911700
2020-07-16,145571,USD,3.942200
2020-07-17,145572,USD,3.926300
2020-07-20,145573,USD,3.899700
2020-07-21,145574,USD,3.881200
2020-07-22,145575,USD,3.853400
2020-07-23,145576,USD,3.806000
2020-07-24,145577,USD,3.802900
2020-07-27,145578,USD,3.764300
2020-07-28,145579,USD,3.753200
2020-07-29,145580,USD,3.761000
2020-07-30,145581,USD,3.754900
2020-07-31,145582,USD,3.716600
2020-08-03,145583,USD,3.749900
2020-08-04,145584,USD,3.736400
2020-08-05,145585,USD,3.714300
2020-08-06,145586,USD,3.724000
2020-08-07,145587,USD,3.730200
2020-08-10,145588,USD,3.739300
2020-08-11,145589,USD,3.739000
2020-08-12,145590,USD,3.755800
2020-08-13,145591,USD,3.717600
2020-08-14,145592,USD,3.722700
2020-08-17,145593,USD,3.707600
2020-08-18,145594,USD,3.689500
2020-08-19,145595,USD,3.673200
2020-08-20,145596,USD,3.716400
2020-08-21,145597,USD,3.716400
2020-08-24,145598,USD,3.727300
2020-08-25,145599,USD,3.714400
2020-08-26,145600,USD,3.726900
2020-08-27,145601,USD,3.728600
2020-08-28,145602,USD,3.698300
2020-08-31,145603,USD,3.692400
2020-09-01,145604,USD,3.670700
2020-09-02,145605,USD,3.719100
2020-09-03,145606,USD,3.733700
2020-09-04,145607,USD,3.753300
2020-09-07,145608,USD,3.766600
2020-09-08,145609,USD,3.765200
2020-09-09,145610,USD,3.787100
2020-09-10,145611,USD,3.761000
2020-09-11,145612,USD,3.753400
2020-09-14,145613,USD,3.752200
2020-09-15,145614,USD,3.744500
2020-09-16,145615,USD,3.752600
2020-09-17,145616,USD,3.771300
2020-09-18,145617,USD,3.758500
2020-09-21,145618,USD,3.796300
2020-09-22,145619,USD,3.835900
2020-09-23,145620,USD,3.839900
2020-09-24,145621,USD,3.883300
2020-09-25,145622,USD,3.901600
2020-09-28,145623,USD,3.908300
2020-09-29,145624,USD,3.922800
2020-09-30,145625,USD,3.865800
2020-10-01,145626,USD,3.851300
2020-10-02,145627,USD,3.836600
2020-10-05,145628,USD,3.825200
2020-10-06,145629,USD,3.818000
2020-10-07,145630,USD,3.812600
2020-10-08,145631,USD,3.817500
2020-10-09,145632,USD,3.791300
2020-10-12,145633,USD,3.792700
2020-10-13,145634,USD,3.793200
2020-10-14,145635,USD,3.830100
2020-10-15,145636,USD,3.890400
2020-10-16,145637,USD,3.897600
2020-10-19,145638,USD,3.876100
2020-10-20,145639,USD,3.892600
2020-10-21,145640,USD,3.870600
2020-10-22,145641,USD,3.873400
2020-10-23,145642,USD,3.866500
2020-10-26,145643,USD,3.875900
2020-10-27,145644,USD,3.886000
2020-10-28,145645,USD,3.931300
2020-10-29,145646,USD,3.950500
2020-10-30,145647,USD,3.956300
2020-11-02,145648,USD,3.955700
2020-11-03,145649,USD,3.906900
2020-11-04,145650,USD,3.899600
2020-11-05,145651,USD,3.835300
2020-11-06,145652,USD,3.819400
2020-11-09,145653,USD,3.778700
2020-11-10,145654,USD,3.816800
2020-11-12,145655,USD,3.799500
2020-11-13,145656,USD,3.801500
2020-11-16,145657,USD,3.778200
2020-11-17,145658,USD,3.787700
2020-11-18,145659,USD,3.762100
2020-11-19,145660,USD,3.787200
2020-11-20,145661,USD,3.767700
2020-11-23,145662,USD,3.761600
2020-11-24,145663,USD,3.762500
2020-11-25,145664,USD,3.755600
2020-11-26,145665,USD,3.758600
2020-11-27,145666,USD,3.761400
2020-11-30,145667,USD,3.736400
2020-12-01,145668,USD,3.736700
2020-12-02,145669,USD,3.703800
2020-12-03,145670,USD,3.698100
2020-12-04,145671,USD,3.676500
2020-12-07,145672,USD,3.700100
2020-12-08,145673,USD,3.691400
2020-12-09,145674,USD,3.665700
2020-12-10,145675,USD,3.657400
2020-12-11,145676,USD,3.663000
2020-12-14,145677,USD,3.654800
2020-12-15,145678,USD,3.655400
2020-12-16,145679,USD,3.633400
2020-12-17,145680,USD,3.625400
2020-12-18,145681,USD,3.632200
2020-12-21,145682,USD,3.708200
2020-12-22,145683,USD,3.692100
2020-12-23,145684,USD,3.691900
2020-12-24,145685,USD,3.698100
2020-12-28,145686,USD,3.663900
2020-12-29,145687,USD,3.677800
2020-12-30,145688,USD,3.690100
2020-12-31,145689,USD,3.758400
2021-01-04,145690,USD,3.699800
2021-01-05,145691,USD,3.703100
2021-01-07,145692,USD,3.665600
2021-01-08,145693,USD,3.691900
2021-01-11,145694,USD,3.727100
2021-01-12,145695,USD,3.718800
2021-01-13,145696,USD,3.714200
2021-01-14,145697,USD,3.732300
2021-01-15,145698,USD,3.746600
2021-01-18,145699,USD,3.769900
2021-01-19,145700,USD,3.741600
2021-01-20,145701,USD,3.730300
2021-01-21,145702,USD,3.731200
2021-01-22,145703,USD,3.725500
2021-01-25,145704,USD,3.740200
2021-01-26,145705,USD,3.751200
2021-01-27,145706,USD,3.750700
2021-01-28,145707,USD,3.756600
2021-01-29,145708,USD,3.746000
2021-02-01,145709,USD,3.732300
2021-02-02,145710,USD,3.731100
2021-02-03,145711,USD,3.735200
2021-02-04,145712,USD,3.750900
2021-02-05,145713,USD,3.755400
2021-02-08,145714,USD,3.730100
2021-02-09,145715,USD,3.697200
2021-02-10,145716,USD,3.697300
2021-02-11,145717,USD,3.711700
2021-02-12,145718,USD,3.718600
2021-02-15,145719,USD,3.694900
2021-02-16,145720,USD,3.694000
2021-02-17,145721,USD,3.728700
2021-02-18,145722,USD,3.715200
2021-02-19,145723,USD,3.699700
2021-02-22,145724,USD,3.713500
2021-02-23,145725,USD,3.711700
2021-02-24,145726,USD,3.714500
2021-02-25,145727,USD,3.694300
2021-02-26,145728,USD,3.724700
2021-03-01,145729,USD,3.757200
2021-03-02,145730,USD,3.776500
2021-03-03,145731,USD,3.750900
2021-03-04,145732,USD,3.785100
2021-03-05,145733,USD,3.839300
2021-03-08,145734,USD,3.866500
2021-03-09,145735,USD,3.850700
2021-03-10,145736,USD,3.842000
2021-03-11,145737,USD,3.828700
2021-03-12,145738,USD,3.852100
2021-03-15,145739,USD,3.842900
2021-03-16,145740,USD,3.851900
2021-03-17,145741,USD,3.867600
2021-03-18,145742,USD,3.870500
2021-03-19,145743,USD,3.886500
2021-03-22,145744,USD,3.876800
2021-03-23,145745,USD,3.874600
2021-03-24,145746,USD,3.909800
2021-03-25,145747,USD,3.925300
2021-03-26,145748,USD,3.930700
2021-03-29,145749,USD,3.957000
2021-03-30,145750,USD,3.960400
2021-03-31,145751,USD,3.967600
2021-04-01,145752,USD,3.942800
2021-04-02,145753,USD,3.898600
2021-04-06,145754,USD,3.897300
2021-04-07,145755,USD,3.861100
2021-04-08,145756,USD,3.836500
2021-04-09,145757,USD,3.820800
2021-04-12,145758,USD,3.814400
2021-04-13,145759,USD,3.834200
2021-04-14,145760,USD,3.806500
2021-04-15,145761,USD,3.801400
2021-04-16,145762,USD,3.797800
2021-04-19,145763,USD,3.781600
2021-04-20,145764,USD,3.773700
2021-04-21,145765,USD,3.795000
2021-04-22,145766,USD,3.788500
2021-04-23,145767,USD,3.785500
2021-04-26,145768,USD,3.765700
2021-04-27,145769,USD,3.782600
2021-04-28,145770,USD,3.793900
2021-04-29,145771,USD,3.778600
2021-04-30,145772,USD,3.774600
2021-05-04,145773,USD,3.794000
2021-05-05,145774,USD,3.813600
2021-05-06,145775,USD,3.806600
2021-05-07,145776,USD,3.786100
2021-05-10,145777,USD,3.749300
2021-05-11,145778,USD,3.751400
2021-05-12,145779,USD,3.745600
2021-05-13,145780,USD,3.767500
2021-05-14,145781,USD,3.737400
2021-05-17,145782,USD,3.728800
2021-05-18,145783,USD,3.705000
2021-05-19,145784,USD,3.708700
2021-05-20,145785,USD,3.707700
2021-05-21,145786,USD,3.677800
2021-05-24,145787,USD,3.679500
2021-05-25,145788,USD,3.654900
2021-05-26,145789,USD,3.669100
2021-05-27,145790,USD,3.692900
2021-05-28,145791,USD,3.676600
2021-05-31,145792,USD,3.672400
2021-06-01,145793,USD,3.659000
2021-06-02,145794,USD,3.665900
2021-06-04,145795,USD,3.693100
2021-06-07,145796,USD,3.665600
2021-06-08,145797,USD,3.669000
2021-06-09,145798,USD,3.654500
2021-06-10,145799,USD,3.682100
2021-06-11,145800,USD,3.675900
2021-06-14,145801,USD,3.718500
2021-06-15,145802,USD,3.734900
2021-06-16,145803,USD,3.733600
2021-06-17,145804,USD,3.793100
2021-06-18,145805,USD,3.819800
2021-06-21,145806,USD,3.821400
2021-06-22,145807,USD,3.813200
2021-06-23,145808,USD,3.787800
2021-06-24,145809,USD,3.798600
2021-06-25,145810,USD,3.774900
2021-06-28,145811,USD,3.776200
2021-06-29,145812,USD,3.791400
2021-06-30,145813,USD,3.803500
2021-07-01,145814,USD,3.814900
2021-07-02,145815,USD,3.826300
2021-07-05,145816,USD,3.797900
2021-07-06,145817,USD,3.802100
2021-07-07,145818,USD,3.822500
2021-07-08,145819,USD,3.840800
2021-07-09,145820,USD,3.842700
2021-07-12,145821,USD,3.837800
2021-07-13,145822,USD,3.853300
2021-07-14,145823,USD,3.895500
2021-07-15,145824,USD,3.862900
2021-07-16,145825,USD,3.880800
2021-07-19,145826,USD,3.896800
2021-07-20,145827,USD,3.901200
2021-07-21,145828,USD,3.903500
2021-07-22,145829,USD,3.880100
2021-07-23,145830,USD,3.885100
2021-07-26,145831,USD,3.891500
2021-07-27,145832,USD,3.901700
2021-07-28,145833,USD,3.884900
2021-07-29,145834,USD,3.861700
2021-07-30,145835,USD,3.841000
2021-08-02,145836,USD,3.837700
2021-08-03,145837,USD,3.831500
2021-08-04,145838,USD,3.836600
2021-08-05,145839,USD,3.848500
2021-08-06,145840,USD,3.851900
2021-08-09,145841,USD,3.888500
2021-08-10,145842,USD,3.893700
2021-08-11,145843,USD,3.914800
2021-08-12,145844,USD,3.907400
2021-08-13,145845,USD,3.893400
2021-08-16,145846,USD,3.873000
2021-08-17,145847,USD,3.879700
2021-08-18,145848,USD,3.886100
2021-08-19,145849,USD,3.922600
2021-08-20,145850,USD,3.930100
2021-08-23,145851,USD,3.910700
2021-08-24,145852,USD,3.908600
2021-08-25,145853,USD,3.886900
2021-08-26,145854,USD,3.891200
2021-08-27,145855,USD,3.897800
2021-08-30,145856,USD,3.872400
2021-08-31,145857,USD,3.838600
2021-09-01,145858,USD,3.823800
2021-09-02,145859,USD,3.804400
2021-09-03,145860,USD,3.799800
2021-09-06,145861,USD,3.804100
2021-09-07,145862,USD,3.804100
2021-09-08,145863,USD,3.821300
2021-09-09,145864,USD,3.829200
2021-09-10,145865,USD,3.840200
2021-09-13,145866,USD,3.849500
2021-09-14,145867,USD,3.854200
2021-09-15,145868,USD,3.847500
2021-09-16,145869,USD,3.884700
2021-09-17,145870,USD,3.888200
2021-09-20,145871,USD,3.928200
2021-09-21,145872,USD,3.933700
2021-09-22,145873,USD,3.946000
2021-09-23,145874,USD,3.925600
2021-09-24,145875,USD,3.926800
2021-09-27,145876,USD,3.927600
2021-09-28,145877,USD,3.954600
2021-09-29,145878,USD,3.968400
2021-09-30,145879,USD,3.992500
2021-10-01,145880,USD,3.967800
2021-10-04,145881,USD,3.936800
2021-10-05,145882,USD,3.968800
2021-10-06,145883,USD,3.999200
2021-10-07,145884,USD,3.933400
2021-10-08,145885,USD,3.977500
2021-10-11,145886,USD,3.986200
2021-10-12,145887,USD,3.966400
2021-10-13,145888,USD,3.963800
2021-10-14,145889,USD,3.940300
2021-10-15,145890,USD,3.941300
2021-10-18,145891,USD,3.947100
2021-10-19,145892,USD,3.921200
2021-10-20,145893,USD,3.942800
2021-10-21,145894,USD,3.944900
2021-10-22,145895,USD,3.957600
2021-10-25,145896,USD,3.950200
2021-10-26,145897,USD,3.974000
2021-10-27,145898,USD,3.981500
2021-10-28,145899,USD,3.993800
2021-10-29,145900,USD,3.966400
2021-11-02,145901,USD,3.977200
2021-11-03,145902,USD,3.968100
2021-11-04,145903,USD,3.980700
2021-11-05,145904,USD,3.991100
2021-11-08,145905,USD,3.974700
2021-11-09,145906,USD,3.962200
2021-11-10,145907,USD,3.973700
2021-11-12,145908,USD,4.055900
2021-11-15,145909,USD,4.049700
2021-11-16,145910,USD,4.106100
2021-11-17,145911,USD,4.120400
2021-11-18,145912,USD,4.111400
2021-11-19,145913,USD,4.145700
2021-11-22,145914,USD,4.185500
2021-11-23,145915,USD,4.189300
2021-11-24,145916,USD,4.176400
2021-11-25,145917,USD,4.160000
2021-11-26,145918,USD,4.175400
2021-11-29,145919,USD,4.162700
2021-11-30,145920,USD,4.121400
2021-12-01,145921,USD,4.105100
2021-12-02,145922,USD,4.062500
2021-12-03,145923,USD,4.065300
2021-12-06,145924,USD,4.061900
2021-12-07,145925,USD,4.078800
2021-12-08,145926,USD,4.071000
2021-12-09,145927,USD,4.083700
2021-12-10,145928,USD,4.088700
2021-12-13,145929,USD,4.100300
2021-12-14,145930,USD,4.108800
2021-12-15,145931,USD,4.099900
2021-12-16,145932,USD,4.093800
2021-12-17,145933,USD,4.088200
2021-12-20,145934,USD,4.118200
2021-12-21,145935,USD,4.093700
2021-12-22,145936,USD,4.098400
2021-12-23,145937,USD,4.095000
2021-12-24,145938,USD,4.078500
2021-12-27,145939,USD,4.088900
2021-12-28,145940,USD,4.062000
2021-12-29,145941,USD,4.077900
2021-12-30,145942,USD,4.063100
2021-12-31,145943,USD,4.060000
2022-01-03,145944,USD,4.042400
2022-01-04,145945,USD,4.046800
2022-01-05,145946,USD,4.039600
2022-01-07,145947,USD,4.027900
2022-01-10,145948,USD,4.006400
2022-01-11,145949,USD,4.010600
2022-01-12,145950,USD,3.987900
2022-01-13,145951,USD,3.946300
2022-01-14,145952,USD,3.959700
2022-01-17,145953,USD,3.956700
2022-01-18,145954,USD,3.973400
2022-01-19,145955,USD,3.993000
2022-01-20,145956,USD,3.983300
2022-01-21,145957,USD,3.995300
2022-01-24,145958,USD,4.004900
2022-01-25,145959,USD,4.059300
2022-01-26,145960,USD,4.068400
2022-01-27,145961,USD,4.083000
2022-01-28,145962,USD,4.104800
2022-01-31,145963,USD,4.114700
2022-02-01,145964,USD,4.068900
2022-02-02,145965,USD,4.028300
2022-02-03,145966,USD,4.026700
2022-02-04,145967,USD,3.965700
2022-02-07,145968,USD,3.987200
2022-02-08,145969,USD,3.969300
2022-02-09,145970,USD,3.953000
2022-02-10,145971,USD,3.921800
2022-02-11,145972,USD,3.966500
2022-02-14,145973,USD,4.043900
2022-02-15,145974,USD,3.974000
2022-02-16,145975,USD,3.947800
2022-02-17,145976,USD,3.968700
2022-02-18,145977,USD,3.979800
2022-02-21,145978,USD,3.976900
2022-02-22,145979,USD,4.012000
2022-02-23,145980,USD,3.993700
2022-02-24,145981,USD,4.128100
2022-02-25,145982,USD,4.168300
2022-02-28,145983,USD,4.196500
2022-03-01,145984,USD,4.219300
2022-03-02,145985,USD,4.330200
2022-03-03,145986,USD,4.325700
2022-03-04,145987,USD,4.391000
2022-03-07,145988,USD,4.572200
2022-03-08,145989,USD,4.511500
2022-03-09,145990,USD,4.414700
2022-03-10,145991,USD,4.348200
2022-03-11,145992,USD,4.369400
2022-03-14,145993,USD,4.322100
2022-03-15,145994,USD,4.299200
2022-03-16,145995,USD,4.282800
2022-03-17,145996,USD,4.240300
2022-03-18,145997,USD,4.270700
2022-03-21,145998,USD,4.244400
2022-03-22,145999,USD,4.272000
2022-03-23,146000,USD,4.277200
2022-03-24,146001,USD,4.331000
2022-03-25,146002,USD,4.312500
2022-03-28,146003,USD,4.278400
2022-03-29,146004,USD,4.291700
2022-03-30,146005,USD,4.168800
2022-03-31,146006,USD,4.180100
2022-04-01,146007,USD,4.197800
2022-04-04,146008,USD,4.207300
2022-04-05,146009,USD,4.223300
2022-04-06,146010,USD,4.260600
2022-04-07,146011,USD,4.272700
2022-04-08,146012,USD,4.270300
2022-04-11,146013,USD,4.258600
2022-04-12,146014,USD,4.292600
2022-04-13,146015,USD,4.287200
2022-04-14,146016,USD,4.258100
2022-04-15,146017,USD,4.286500
2022-04-19,146018,USD,4.288700
2022-04-20,146019,USD,4.270800
2022-04-21,146020,USD,4.259600
2022-04-22,146021,USD,4.293500
2022-04-25,146022,USD,4.318800
2022-04-26,146023,USD,4.346900
2022-04-27,146024,USD,4.445300
2022-04-28,146025,USD,4.461300
2022-04-29,146026,USD,4.407200
2022-05-02,146027,USD,4.445400
2022-05-04,146028,USD,4.445600
2022-05-05,146029,USD,4.401700
2022-05-06,146030,USD,4.450200
2022-05-09,146031,USD,4.478400
2022-05-10,146032,USD,4.422300
2022-05-11,146033,USD,4.419000
2022-05-12,146034,USD,4.486300
2022-05-13,146035,USD,4.484900
2022-05-16,146036,USD,4.478500
2022-05-17,146037,USD,4.437900
2022-05-18,146038,USD,4.427900
2022-05-19,146039,USD,4.423100
2022-05-20,146040,USD,4.383200
2022-05-23,146041,USD,4.336900
2022-05-24,146042,USD,4.307100
2022-05-25,146043,USD,4.306900
2022-05-26,146044,USD,4.318900
2022-05-27,146045,USD,4.296600
2022-05-30,146046,USD,4.261700
2022-05-31,146047,USD,4.265100
2022-06-01,146048,USD,4.281700
2022-06-02,146049,USD,4.293100
2022-06-03,146050,USD,4.268900
2022-06-06,146051,USD,4.267500
2022-06-07,146052,USD,4.293500
2022-06-08,146053,USD,4.290400
2022-06-09,146054,USD,4.276400
2022-06-10,146055,USD,4.336300
2022-06-13,146056,USD,4.420900
2022-06-14,146057,USD,4.447800
2022-06-15,146058,USD,4.445500
2022-06-17,146059,USD,4.463000
2022-06-20,146060,USD,4.440000
2022-06-21,146061,USD,4.391700
2022-06-22,146062,USD,4.433800
2022-06-23,146063,USD,4.488100
2022-06-24,146064,USD,4.465600
2022-06-27,146065,USD,4.436900
2022-06-28,146066,USD,4.437700
2022-06-29,146067,USD,4.453300
2022-06-30,146068,USD,4.482500
2022-07-01,146069,USD,4.510600
2022-07-04,146070,USD,4.503200
2022-07-05,146071,USD,4.594700
2022-07-06,146072,USD,4.679600
2022-07-07,146073,USD,4.702900
2022-07-08,146074,USD,4.741700
2022-07-11,146075,USD,4.741600
2022-07-12,146076,USD,4.828400
2022-07-13,146077,USD,4.822100
2022-07-14,146078,USD,4.827400
2022-07-15,146079,USD,4.796600
2022-07-18,146080,USD,4.715200
2022-07-19,146081,USD,4.659400
2022-07-20,146082,USD,4.652400
2022-07-21,146083,USD,4.668200
2022-07-22,146084,USD,4.692000
2022-07-25,146085,USD,4.617100
2022-07-26,146086,USD,4.622200
2022-07-27,146087,USD,4.714200
2022-07-28,146088,USD,4.695200
2022-07-29,146089,USD,4.636500
2022-08-01,146090,USD,4.629000
2022-08-02,146091,USD,4.598400
2022-08-03,146092,USD,4.616400
2022-08-04,146093,USD,4.634000
2022-08-05,146094,USD,4.602400
2022-08-08,146095,USD,4.612700
2022-08-09,146096,USD,4.591900
2022-08-10,146097,USD,4.611200
2022-08-11,146098,USD,4.520600
2022-08-12,146099,USD,4.545900
2022-08-16,146100,USD,4.628200
2022-08-17,146101,USD,4.611900
2022-08-18,146102,USD,4.646800
2022-08-19,146103,USD,4.706100
2022-08-22,146104,USD,4.742700
2022-08-23,146105,USD,4.803000
2022-08-24,146106,USD,4.802900
2022-08-25,146107,USD,4.754600
2022-08-26,146108,USD,4.746500
2022-08-29,146109,USD,4.782100
2022-08-30,146110,USD,4.721000
2022-08-31,146111,USD,4.736000
2022-09-01,146112,USD,4.695900
2022-09-02,146113,USD,4.727600
2022-09-05,146114,USD,4.769000
2022-09-06,146115,USD,4.736700
2022-09-07,146116,USD,4.758400
2022-09-08,146117,USD,4.726800
2022-09-09,146118,USD,4.659900
2022-09-12,146119,USD,4.622500
2022-09-13,146120,USD,4.636300
2022-09-14,146121,USD,4.723300
2022-09-15,146122,USD,4.720200
2022-09-16,146123,USD,4.738400
2022-09-19,146124,USD,4.725500
2022-09-20,146125,USD,4.711800
2022-09-21,146126,USD,4.791900
2022-09-22,146127,USD,4.834300
2022-09-23,146128,USD,4.879600
2022-09-26,146129,USD,4.911300
2022-09-27,146130,USD,4.947600
2022-09-28,146131,USD,5.038100
2022-09-29,146132,USD,5.032800
2022-09-30,146133,USD,4.953300
2022-10-03,146134,USD,4.920700
2022-10-04,146135,USD,4.861500
2022-10-05,146136,USD,4.838000
2022-10-06,146137,USD,4.898900
2022-10-07,146138,USD,4.958800
2022-10-10,146139,USD,5.023900
2022-10-11,146140,USD,5.017100
2022-10-12,146141,USD,5.001400
2022-10-13,146142,USD,4.990500
2022-10-14,146143,USD,4.956900
2022-10-17,146144,USD,4.952200
2022-10-18,146145,USD,4.892900
2022-10-19,146146,USD,4.889200
2022-10-20,146147,USD,4.902400
2022-10-21,146148,USD,4.900000
2022-10-24,146149,USD,4.866900
2022-10-25,146150,USD,4.849900
2022-10-26,146151,USD,4.753800
2022-10-27,146152,USD,4.721600
2022-10-28,146153,USD,4.747700
2022-10-31,146154,USD,4.734000
2022-11-02,146155,USD,4.748500
2022-11-03,146156,USD,4.829100
2022-11-04,146157,USD,4.797500
2022-11-07,146158,USD,4.692600
2022-11-08,146159,USD,4.689300
2022-11-09,146160,USD,4.681700
2022-11-10,146161,USD,4.732800
2022-11-14,146162,USD,4.538300
2022-11-15,146163,USD,4.514300
2022-11-16,146164,USD,4.505000
2022-11-17,146165,USD,4.538700
2022-11-18,146166,USD,4.533700
2022-11-21,146167,USD,4.599100
2022-11-22,146168,USD,4.584400
2022-11-23,146169,USD,4.548000
2022-11-24,146170,USD,4.510100
2022-11-25,146171,USD,4.511100
2022-11-28,146172,USD,4.482700
2022-11-29,146173,USD,4.516400
2022-11-30,146174,USD,4.506600
2022-12-01,146175,USD,4.491100
2022-12-02,146176,USD,4.449200
2022-12-05,146177,USD,4.441500
2022-12-06,146178,USD,4.478700
2022-12-07,146179,USD,4.483400
2022-12-08,146180,USD,4.476000
2022-12-09,146181,USD,4.435100
2022-12-12,146182,USD,4.442400
2022-12-13,146183,USD,4.452700
2022-12-14,146184,USD,4.397300
2022-12-15,146185,USD,4.410000
2022-12-16,146186,USD,4.422700
2022-12-19,146187,USD,4.415300
2022-12-20,146188,USD,4.400100
2022-12-21,146189,USD,4.394700
2022-12-22,146190,USD,4.372600
2022-12-23,146191,USD,4.370000
2022-12-27,146192,USD,4.367100
2022-12-28,146193,USD,4.412700
2022-12-29,146194,USD,4.407800
2022-12-30,146195,USD,4.401800
2023-01-02,146196,USD,4.381100
2023-01-03,146197,USD,4.437300
2023-01-04,146198,USD,4.399800
2023-01-05,146199,USD,4.397000
2023-01-09,146200,USD,4.401000
2023-01-10,146201,USD,4.372000
2023-01-11,146202,USD,4.363900
2023-01-12,146203,USD,4.355600
2023-01-13,146204,USD,4.327200
2023-01-16,146205,USD,4.343600
2023-01-17,146206,USD,4.339800
2023-01-18,146207,USD,4.332200
2023-01-19,146208,USD,4.346900
2023-01-20,146209,USD,4.352000
2023-01-23,146210,USD,4.324200
2023-01-24,146211,USD,4.334100
2023-01-25,146212,USD,4.326500
2023-01-26,146213,USD,4.335400
2023-01-27,146214,USD,4.325200
2023-01-30,146215,USD,4.325800
2023-01-31,146216,USD,4.348000
2023-02-01,146217,USD,4.325400
2023-02-02,146218,USD,4.280300
2023-02-03,146219,USD,4.292800
2023-02-06,146220,USD,4.383300
2023-02-07,146221,USD,4.432500
2023-02-08,146222,USD,4.407400
2023-02-09,146223,USD,4.400300
2023-02-10,146224,USD,4.456500
2023-02-13,146225,USD,4.485600
2023-02-14,146226,USD,4.446300
2023-02-15,146227,USD,4.437200
2023-02-16,146228,USD,4.460100
2023-02-17,146229,USD,4.488800
2023-02-20,146230,USD,4.451500
2023-02-21,146231,USD,4.452400
2023-02-22,146232,USD,4.468700
2023-02-23,146233,USD,4.487300
2023-02-24,146234,USD,4.463000
2023-02-27,146235,USD,4.469700
2023-02-28,146236,USD,4.447500
2023-03-01,146237,USD,4.409400
2023-03-02,146238,USD,4.400200
2023-03-03,146239,USD,4.434100
2023-03-06,146240,USD,4.428900
2023-03-07,146241,USD,4.398100
2023-03-08,146242,USD,4.462600
2023-03-09,146243,USD,4.435600
2023-03-10,146244,USD,4.426600
2023-03-13,146245,USD,4.390600
2023-03-14,146246,USD,4.379300
2023-03-15,146247,USD,4.403000
2023-03-16,146248,USD,4.424800
2023-03-17,146249,USD,4.420200
2023-03-20,146250,USD,4.413000
2023-03-21,146251,USD,4.371500
2023-03-22,146252,USD,4.346700
2023-03-23,146253,USD,4.301100
2023-03-24,146254,USD,4.374200
2023-03-27,146255,USD,4.351800
2023-03-28,146256,USD,4.330000
2023-03-29,146257,USD,4.324700
2023-03-30,146258,USD,4.304300
2023-03-31,146259,USD,4.293400
2023-04-03,146260,USD,4.316800
2023-04-04,146261,USD,4.285500
2023-04-05,146262,USD,4.273900
2023-04-06,146263,USD,4.303300
2023-04-07,146264,USD,4.293200
2023-04-11,146265,USD,4.291700
2023-04-12,146266,USD,4.271300
2023-04-13,146267,USD,4.222500
2023-04-14,146268,USD,4.204200
2023-04-17,146269,USD,4.226100
2023-04-18,146270,USD,4.215100
2023-04-19,146271,USD,4.224400
2023-04-20,146272,USD,4.202400
2023-04-21,146273,USD,4.200600
2023-04-24,146274,USD,4.190500
2023-04-25,146275,USD,4.164900
2023-04-26,146276,USD,4.155700
2023-04-27,146277,USD,4.154100
2023-04-28,146278,USD,4.175300
2023-05-02,146279,USD,4.182300
2023-05-04,146280,USD,4.154700
2023-05-05,146281,USD,4.161200
2023-05-08,146282,USD,4.138400
2023-05-09,146283,USD,4.160900
2023-05-10,146284,USD,4.153200
2023-05-11,146285,USD,4.141400
2023-05-12,146286,USD,4.163800
2023-05-15,146287,USD,4.149000
2023-05-16,146288,USD,4.122800
2023-05-17,146289,USD,4.150400
2023-05-18,146290,USD,4.192900
2023-05-19,146291,USD,4.205300
2023-05-22,146292,USD,4.188100
2023-05-23,146293,USD,4.163400
2023-05-24,146294,USD,4.157300
2023-05-25,146295,USD,4.199400
2023-05-26,146296,USD,4.215600
2023-05-29,146297,USD,4.223400
2023-05-30,146298,USD,4.224200
2023-05-31,146299,USD,4.255900
2023-06-01,146300,USD,4.239900
2023-06-02,146301,USD,4.190300
2023-06-05,146302,USD,4.193300
2023-06-06,146303,USD,4.196400
2023-06-07,146304,USD,4.188700
2023-06-09,146305,USD,4.154500
2023-06-12,146306,USD,4.116900
2023-06-13,146307,USD,4.143900
2023-06-14,146308,USD,4.139300
2023-06-15,146309,USD,4.120300
2023-06-16,146310,USD,4.071500
2023-06-19,146311,USD,4.068000
2023-06-20,146312,USD,4.058000
2023-06-21,146313,USD,4.064800
2023-06-22,146314,USD,4.033000
2023-06-23,146315,USD,4.089300
2023-06-26,146316,USD,4.066900
2023-06-27,146317,USD,4.048100
2023-06-28,146318,USD,4.071900
2023-06-29,146319,USD,4.083200
2023-06-30,146320,USD,4.106600
2023-07-03,146321,USD,4.071400
2023-07-04,146322,USD,4.063600
2023-07-05,146323,USD,4.086900
2023-07-06,146324,USD,4.119100
2023-07-07,146325,USD,4.118900
2023-07-10,146326,USD,4.063200
2023-07-11,146327,USD,4.037400
2023-07-12,146328,USD,4.034700
2023-07-13,146329,USD,3.972400
2023-07-14,146330,USD,3.961700
2023-07-17,146331,USD,3.961600
2023-07-18,146332,USD,3.945100
2023-07-19,146333,USD,3.961200
2023-07-20,146334,USD,3.971000
2023-07-21,146335,USD,3.999000
2023-07-24,146336,USD,4.021000
2023-07-25,146337,USD,4.008000
2023-07-26,146338,USD,3.994900
2023-07-27,146339,USD,3.970200
2023-07-28,146340,USD,4.037700
2023-07-31,146341,USD,3.999500
2023-08-01,146342,USD,4.026200
2023-08-02,146343,USD,4.049700
2023-08-03,146344,USD,4.081000
2023-08-04,146345,USD,4.062000
2023-08-07,146346,USD,4.034700
2023-08-08,146347,USD,4.039600
2023-08-09,146348,USD,4.059200
2023-08-10,146349,USD,4.052100
2023-08-11,146350,USD,4.050100
2023-08-14,146351,USD,4.052500
2023-08-16,146352,USD,4.083200
2023-08-17,146353,USD,4.109400
2023-08-18,146354,USD,4.128500
2023-08-21,146355,USD,4.112400
2023-08-22,146356,USD,4.092400
2023-08-23,146357,USD,4.143800
2023-08-24,146358,USD,4.118000
2023-08-25,146359,USD,4.141900
2023-08-28,146360,USD,4.140000
2023-08-29,146361,USD,4.134100
2023-08-30,146362,USD,4.116700
2023-08-31,146363,USD,4.107400
2023-09-01,146364,USD,4.126300
2023-09-04,146365,USD,4.135300
2023-09-05,146366,USD,4.164300
2023-09-06,146367,USD,4.189500
2023-09-07,146368,USD,4.289000
2023-09-08,146369,USD,4.295800
2023-09-11,146370,USD,4.307700
2023-09-12,146371,USD,4.371100
2023-09-13,146372,USD,4.322500
2023-09-14,146373,USD,4.312000
2023-09-15,146374,USD,4.341800
2023-09-18,146375,USD,4.348900
2023-09-19,146376,USD,4.347200
2023-09-20,146377,USD,4.350100
2023-09-21,146378,USD,4.336500
2023-09-22,146379,USD,4.326900
2023-09-25,146380,USD,4.318800
2023-09-26,146381,USD,4.348500
2023-09-27,146382,USD,4.362200
2023-09-28,146383,USD,4.406200
2023-09-29,146384,USD,4.369700
2023-10-02,146385,USD,4.363400
2023-10-03,146386,USD,4.401200
2023-10-04,146387,USD,4.415500
2023-10-05,146388,USD,4.376800
2023-10-06,146389,USD,4.360800
2023-10-09,146390,USD,4.343900
2023-10-10,146391,USD,4.298500
2023-10-11,146392,USD,4.258900
2023-10-12,146393,USD,4.265900
2023-10-13,146394,USD,4.303300
2023-10-16,146395,USD,4.250500
2023-10-17,146396,USD,4.213100
2023-10-18,146397,USD,4.203500
2023-10-19,146398,USD,4.226400
2023-10-20,146399,USD,4.219400
2023-10-23,146400,USD,4.202200
2023-10-24,146401,USD,4.188400
2023-10-25,146402,USD,4.228400
2023-10-26,146403,USD,4.239500
2023-10-27,146404,USD,4.226700
2023-10-30,146405,USD,4.204000
2023-10-31,146406,USD,4.168400
2023-11-02,146407,USD,4.196300
2023-11-03,146408,USD,4.185700
2023-11-06,146409,USD,4.151200
2023-11-07,146410,USD,4.166700
2023-11-08,146411,USD,4.180400
2023-11-09,146412,USD,4.151300
2023-11-10,146413,USD,4.142300
2023-11-13,146414,USD,4.147400
2023-11-14,146415,USD,4.121000
2023-11-15,146416,USD,4.045300
2023-11-16,146417,USD,4.041500
2023-11-17,146418,USD,4.032700
2023-11-20,146419,USD,3.993800
2023-11-21,146420,USD,3.988200
2023-11-22,146421,USD,4.018000
2023-11-23,146422,USD,3.996900
2023-11-24,146423,USD,4.010300
2023-11-27,146424,USD,3.976900
2023-11-28,146425,USD,3.975000
2023-11-29,146426,USD,3.947800
2023-11-30,146427,USD,3.981000
2023-12-01,146428,USD,3.991000
2023-12-04,146429,USD,3.985000
2023-12-05,146430,USD,3.991000
2023-12-06,146431,USD,4.020200
2023-12-07,146432,USD,4.019900
2023-12-08,146433,USD,4.018100
2023-12-11,146434,USD,4.027700
2023-12-12,146435,USD,4.020400
2023-12-13,146436,USD,4.014900
2023-12-14,146437,USD,3.948400
2023-12-15,146438,USD,3.932600
2023-12-18,146439,USD,3.962500
2023-12-19,146440,USD,3.959100
2023-12-20,146441,USD,3.952700
2023-12-21,146442,USD,3.964500
2023-12-22,146443,USD,3.933800
2023-12-27,146444,USD,3.917800
2023-12-28,146445,USD,3.899000
2023-12-29,146446,USD,3.935000
2026-01-23,151305,USD,3.583100
2024-01-02,177887,USD,3.943200
2024-01-03,177888,USD,3.990900
2024-01-04,177889,USD,3.968400
2024-01-05,177890,USD,3.985000
2024-01-08,177891,USD,3.981200
2024-01-09,177892,USD,3.961200
2024-01-10,177893,USD,3.965600
2024-01-11,177894,USD,3.968000
2024-01-12,177895,USD,3.974600
2024-01-15,177896,USD,3.996300
2024-01-16,177897,USD,4.035800
2024-01-17,177898,USD,4.043400
2024-01-18,177899,USD,4.043700
2024-01-19,177900,USD,4.028900
2024-01-22,177901,USD,3.997200
2024-01-23,177902,USD,4.013300
2024-01-24,177903,USD,4.013100
2024-01-25,177904,USD,4.018900
2024-01-26,177905,USD,4.039300
2024-01-29,177906,USD,4.032600
2024-01-30,177907,USD,4.030100
2024-01-31,177908,USD,4.013500
2024-02-01,177909,USD,4.004700
2024-02-02,177910,USD,3.964100
2024-02-05,177911,USD,4.024400
2024-02-06,177912,USD,4.048400
2024-02-07,177913,USD,4.036200
2024-02-08,177914,USD,4.029200
2024-02-09,177915,USD,4.009600
2024-02-12,177916,USD,4.018900
2024-02-13,177917,USD,4.013600
2024-02-14,177918,USD,4.059300
2024-02-15,177919,USD,4.049500
2024-02-16,177920,USD,4.032500
2024-02-19,177921,USD,4.026900
2024-02-20,177922,USD,3.999400
2024-02-21,177923,USD,3.996600
2024-02-22,177924,USD,3.980400
2024-02-23,177925,USD,4.005000
2024-02-26,177926,USD,3.977600
2024-02-27,177927,USD,3.968200
2024-02-28,177928,USD,3.992200
2024-02-29,177929,USD,3.980300
2024-03-01,177930,USD,3.992200
2024-03-04,177931,USD,3.982000
2024-03-05,177932,USD,3.983800
2024-03-06,177933,USD,3.963000
2024-03-07,177934,USD,3.948500
2024-03-08,177935,USD,3.939200
2024-03-11,177936,USD,3.926200
2024-03-12,177937,USD,3.916200
2024-03-13,177938,USD,3.926900
2024-03-14,177939,USD,3.918300
2024-03-15,177940,USD,3.939200
2024-03-18,177941,USD,3.952800
2024-03-19,177942,USD,3.986600
2024-03-20,177943,USD,3.989500
2024-03-21,177944,USD,3.943100
2024-03-22,177945,USD,3.992800
2024-03-25,177946,USD,3.983300
2024-03-26,177947,USD,3.970400
2024-03-27,177948,USD,3.985700
2024-03-28,177949,USD,4.008100
2024-03-29,177950,USD,3.988600
2024-04-02,177951,USD,4.000900
2024-04-03,177952,USD,3.984300
2024-04-04,177953,USD,3.951500
2024-04-05,177954,USD,3.957100
2024-04-08,177955,USD,3.954600
2024-04-09,177956,USD,3.922300
2024-04-10,177957,USD,3.926400
2024-04-11,177958,USD,3.970700
2024-04-12,177959,USD,3.998300
2024-04-15,177960,USD,4.020900
2024-04-16,177961,USD,4.068700
2024-04-17,177962,USD,4.074100
2024-04-18,177963,USD,4.055900
2024-04-19,177964,USD,4.068800
2024-04-22,177965,USD,4.054000
2024-04-23,177966,USD,4.061000
2024-04-24,177967,USD,4.041700
2024-04-25,177968,USD,4.027600
2024-04-26,177969,USD,4.024500
2024-04-29,177970,USD,4.034600
2024-04-30,177971,USD,4.034100
2024-05-02,177972,USD,4.047400
2024-05-06,177973,USD,4.020200
2024-05-07,177974,USD,4.005600
2024-05-08,177975,USD,4.020200
2024-05-09,177976,USD,4.007600
2024-05-10,177977,USD,3.986600
2024-05-13,177978,USD,3.985300
2024-05-14,177979,USD,3.970100
2024-05-15,177980,USD,3.936800
2024-05-16,177981,USD,3.919500
2024-05-17,177982,USD,3.936300
2024-05-20,177983,USD,3.914900
2024-05-21,177984,USD,3.917500
2024-05-22,177985,USD,3.924300
2024-05-23,177986,USD,3.939400
2024-05-24,177987,USD,3.937600
2024-05-27,177988,USD,3.919600
2024-05-28,177989,USD,3.918300
2024-05-29,177990,USD,3.924400
2024-05-31,177991,USD,3.938900
2024-06-03,177992,USD,3.950100
2024-06-04,177993,USD,3.944800
2024-06-05,177994,USD,3.960700
2024-06-06,177995,USD,3.953000
2024-06-07,177996,USD,3.938900
2024-06-10,177997,USD,4.015900
2024-06-11,177998,USD,4.044300
2024-06-12,177999,USD,4.034200
2024-06-13,178000,USD,4.011900
2024-06-14,178001,USD,4.076000
2024-06-17,178002,USD,4.072800
2024-06-18,178003,USD,4.054900
2024-06-19,178004,USD,4.038700
2024-06-20,178005,USD,4.034500
2024-06-21,178006,USD,4.052700
2024-06-24,178007,USD,4.031900
2024-06-25,178008,USD,3.997500
2024-06-26,178009,USD,4.029100
2024-06-27,178010,USD,4.031200
2024-06-28,178011,USD,4.032000
2024-07-01,178012,USD,3.991500
2024-07-02,178013,USD,4.037500
2024-07-03,178014,USD,3.999000
2024-07-04,178015,USD,3.978400
2024-07-05,178016,USD,3.958100
2024-07-08,178017,USD,3.947000
2024-07-09,178018,USD,3.939100
2024-07-10,178019,USD,3.932400
2024-07-11,178020,USD,3.925700
2024-07-12,178021,USD,3.909900
2024-07-15,178022,USD,3.896000
2024-07-16,178023,USD,3.908300
2024-07-17,178024,USD,3.921000
2024-07-18,178025,USD,3.929600
2024-07-19,178026,USD,3.946100
2024-07-22,178027,USD,3.930700
2024-07-23,178028,USD,3.935500
2024-07-24,178029,USD,3.949800
2024-07-25,178030,USD,3.961900
2024-07-26,178031,USD,3.941500
2024-07-29,178032,USD,3.955600
2024-07-30,178033,USD,3.956700
2024-07-31,178034,USD,3.968900
2024-08-01,178035,USD,3.980200
2024-08-02,178036,USD,3.967200
2024-08-05,178037,USD,3.933100
2024-08-06,178038,USD,3.946700
2024-08-07,178039,USD,3.952600
2024-08-08,178040,USD,3.952000
2024-08-09,178041,USD,3.960400
2024-08-12,178042,USD,3.948800
2024-08-13,178043,USD,3.931400
2024-08-14,178044,USD,3.896300
2024-08-16,178045,USD,3.891400
2024-08-19,178046,USD,3.868200
2024-08-20,178047,USD,3.850600
2024-08-21,178048,USD,3.856500
2024-08-22,178049,USD,3.845600
2024-08-23,178050,USD,3.845300
2024-08-26,178051,USD,3.828400
2024-08-27,178052,USD,3.833100
2024-08-28,178053,USD,3.853900
2024-08-29,178054,USD,3.867000
2024-08-30,178055,USD,3.864400
2024-09-02,178056,USD,3.868400
2024-09-03,178057,USD,3.870100
2024-09-04,178058,USD,3.873800
2024-09-05,178059,USD,3.848700
2024-09-06,178060,USD,3.848900
2024-09-09,178061,USD,3.875800
2024-09-10,178062,USD,3.879800
2024-09-11,178063,USD,3.881600
2024-09-12,178064,USD,3.902500
2024-09-13,178065,USD,3.865900
2024-09-16,178066,USD,3.843800
2024-09-17,178067,USD,3.835400
2024-09-18,178068,USD,3.835800
2024-09-19,178069,USD,3.824900
2024-09-20,178070,USD,3.831700
2024-09-23,178071,USD,3.857100
2024-09-24,178072,USD,3.830000
2024-09-25,178073,USD,3.811700
2024-09-26,178074,USD,3.829400
2024-09-27,178075,USD,3.836800
2024-09-30,178076,USD,3.819300
2024-10-01,178077,USD,3.859000
2024-10-02,178078,USD,3.879200
2024-10-03,178079,USD,3.895100
2024-10-04,178080,USD,3.911800
2024-10-07,178081,USD,3.936800
2024-10-08,178082,USD,3.929900
2024-10-09,178083,USD,3.926600
2024-10-10,178084,USD,3.935500
2024-10-11,178085,USD,3.920400
2024-10-14,178086,USD,3.928800
2024-10-15,178087,USD,3.933200
2024-10-16,178088,USD,3.946800
2024-10-17,178089,USD,3.978600
2024-10-18,178090,USD,3.971800
2024-10-21,178091,USD,3.977500
2024-10-22,178092,USD,3.986200
2024-10-23,178093,USD,4.017600
2024-10-24,178094,USD,4.016800
2024-10-25,178095,USD,4.021900
2024-10-28,178096,USD,4.020700
2024-10-29,178097,USD,4.025100
2024-10-30,178098,USD,3.998900
2024-10-31,178099,USD,4.005900
2024-11-04,178100,USD,3.986900
2024-11-05,178101,USD,4.003800
2024-11-06,178102,USD,4.059500
2024-11-07,178103,USD,4.041400
2024-11-08,178104,USD,4.011700
2024-11-12,178105,USD,4.101100
2024-11-13,178106,USD,4.085300
2024-11-14,178107,USD,4.122000
2024-11-15,178108,USD,4.089800
2024-11-18,178109,USD,4.099700
2024-11-19,178110,USD,4.105200
2024-11-20,178111,USD,4.112000
2024-11-21,178112,USD,4.133200
2024-11-22,178113,USD,4.175200
2024-11-25,178114,USD,4.129700
2024-11-26,178115,USD,4.107300
2024-11-27,178116,USD,4.097400
2024-11-28,178117,USD,4.090700
2024-11-29,178118,USD,4.077000
2024-12-02,178119,USD,4.082700
2024-12-03,178120,USD,4.080300
2024-12-04,178121,USD,4.084500
2024-12-05,178122,USD,4.055400
2024-12-06,178123,USD,4.034100
2024-12-09,178124,USD,4.029800
2024-12-10,178125,USD,4.051800
2024-12-11,178126,USD,4.062800
2024-12-12,178127,USD,4.074000
2024-12-13,178128,USD,4.073800
2024-12-16,178129,USD,4.057100
2024-12-17,178130,USD,4.062300
2024-12-18,178131,USD,4.062100
2024-12-19,178132,USD,4.094400
2024-12-20,178133,USD,4.100200
2024-12-23,178134,USD,4.095000
2024-12-24,178135,USD,4.112700
2024-12-27,178136,USD,4.103600
2024-12-30,178137,USD,4.096000
2024-12-31,178138,USD,4.101200
2025-01-02,178139,USD,4.121900
2025-01-03,178140,USD,4.151200
2025-01-07,178141,USD,4.077000
2025-01-08,178142,USD,4.133500
2025-01-09,178143,USD,4.152300
2025-01-10,178144,USD,4.141500
2025-01-13,178145,USD,4.190400
2025-01-14,178146,USD,4.165800
2025-01-15,178147,USD,4.133000
2025-01-16,178148,USD,4.143300
2025-01-17,178149,USD,4.146200
2025-01-20,178150,USD,4.132100
2025-01-21,178151,USD,4.110100
2025-01-22,178152,USD,4.064600
2025-01-23,178153,USD,4.051500
2025-01-24,178154,USD,4.012400
2025-01-27,178155,USD,4.021000
2025-01-28,178156,USD,4.033700
2025-01-29,178157,USD,4.044300
2025-01-30,178158,USD,4.039300
2025-01-31,178159,USD,4.057600
2025-02-03,178160,USD,4.135200
2025-02-04,178161,USD,4.086400
2025-02-05,178162,USD,4.042600
2025-02-06,178163,USD,4.061300
2025-02-07,178164,USD,4.032100
2025-02-10,178165,USD,4.054800
2025-02-11,178166,USD,4.049700
2025-02-12,178167,USD,4.021500
2025-02-13,178168,USD,3.996000
2025-02-14,178169,USD,3.972000
2025-02-17,178170,USD,3.974900
2025-02-18,178171,USD,3.972900
2025-02-19,178172,USD,3.987500
2025-02-20,178173,USD,3.997400
2025-02-21,178174,USD,3.983500
2025-02-24,178175,USD,3.973400
2025-02-25,178176,USD,3.947000
2025-02-26,178177,USD,3.943400
2025-02-27,178178,USD,3.945900
2025-02-28,178179,USD,3.999300
2025-03-03,178180,USD,4.011200
2025-03-04,178181,USD,3.954300
2025-03-05,178182,USD,3.878500
2025-03-06,178183,USD,3.867400
2025-03-07,178184,USD,3.844800
2025-03-10,178185,USD,3.857300
2025-03-11,178186,USD,3.848100
2025-03-12,178187,USD,3.849600
2025-03-13,178188,USD,3.856800
2025-03-14,178189,USD,3.850900
2025-03-17,178190,USD,3.832900
2025-03-18,178191,USD,3.815200
2025-03-19,178192,USD,3.847300
2025-03-20,178193,USD,3.867500
2025-03-21,178194,USD,3.877400
2025-03-24,178195,USD,3.859000
2025-03-25,178196,USD,3.857800
2025-03-26,178197,USD,3.861400
2025-03-27,178198,USD,3.891300
2025-03-28,178199,USD,3.881700
2025-03-31,178200,USD,3.864300
2025-04-01,178201,USD,3.865600
2025-04-02,178202,USD,3.870700
2025-04-03,178203,USD,3.796800
2025-04-04,178204,USD,3.856000
2025-04-07,178205,USD,3.909700
2025-04-08,178206,USD,3.927000
2025-04-09,178207,USD,3.882800
2025-04-10,178208,USD,3.863700
2025-04-11,178209,USD,3.760600
2025-04-14,178210,USD,3.756400
2025-04-15,178211,USD,3.769200
2025-04-16,178212,USD,3.785100
2025-04-17,178213,USD,3.768400
2025-04-18,178214,USD,3.766100
2025-04-22,178215,USD,3.722000
2025-04-23,178216,USD,3.758300
2025-04-24,178217,USD,3.759900
2025-04-25,178218,USD,3.761100
2025-04-28,178219,USD,3.770100
2025-04-29,178220,USD,3.745800
2025-04-30,178221,USD,3.761700
2025-05-02,178222,USD,3.772200
2025-05-05,178223,USD,3.775200
2025-05-06,178224,USD,3.778900
2025-05-07,178225,USD,3.764200
2025-05-08,178226,USD,3.784000
2025-05-09,178227,USD,3.768100
2025-05-12,178228,USD,3.801100
2025-05-13,178229,USD,3.826600
2025-05-14,178230,USD,3.777500
2025-05-15,178231,USD,3.780400
2025-05-16,178232,USD,3.785300
2025-05-19,178233,USD,3.800400
2025-05-20,178234,USD,3.774700
2025-05-21,178235,USD,3.745200
2025-05-22,178236,USD,3.755900
2025-05-23,178237,USD,3.750600
2025-05-26,178238,USD,3.734400
2025-05-27,178239,USD,3.743000
2025-05-28,178240,USD,3.745600
2025-05-29,178241,USD,3.758800
2025-05-30,178242,USD,3.753700
2025-06-02,178243,USD,3.728200
2025-06-03,178244,USD,3.743700
2025-06-04,178245,USD,3.752500
2025-06-05,178246,USD,3.749500
2025-06-06,178247,USD,3.756500
2025-06-09,178248,USD,3.742700
2025-06-10,178249,USD,3.735200
2025-06-11,178250,USD,3.730600
2025-06-12,178251,USD,3.692900
2025-06-13,178252,USD,3.705600
2025-06-16,178253,USD,3.680400
2025-06-17,178254,USD,3.700500
2025-06-18,178255,USD,3.713700
2025-06-20,178256,USD,3.706700
2025-06-23,178257,USD,3.721200
2025-06-24,178258,USD,3.675300
2025-06-25,178259,USD,3.659000
2025-06-26,178260,USD,3.622200
2025-06-27,178261,USD,3.617700
2025-06-30,178262,USD,3.616400
2025-07-01,178263,USD,3.593000
2025-07-02,178264,USD,3.609000
2025-07-03,178265,USD,3.613700
2025-07-04,178266,USD,3.610800
2025-07-07,178267,USD,3.626900
2025-07-08,178268,USD,3.613500
2025-07-09,178269,USD,3.619800
2025-07-10,178270,USD,3.620900
2025-07-11,178271,USD,3.643200
2025-07-14,178272,USD,3.647500
2025-07-15,178273,USD,3.639600
2025-07-16,178274,USD,3.663100
2025-07-17,178275,USD,3.668600
2025-07-18,178276,USD,3.653500
2025-07-21,178277,USD,3.645500
2025-07-22,178278,USD,3.635300
2025-07-23,178279,USD,3.626000
2025-07-24,178280,USD,3.615800
2025-07-25,178281,USD,3.622800
2025-07-28,178282,USD,3.644600
2025-07-29,178283,USD,3.694100
2025-07-30,178284,USD,3.698100
2025-07-31,178285,USD,3.725700
2025-08-01,178286,USD,3.753600
2025-08-04,178287,USD,3.697700
2025-08-05,178288,USD,3.706600
2025-08-06,178289,USD,3.699400
2025-08-07,178290,USD,3.647700
2025-08-08,178291,USD,3.657700
2025-08-11,178292,USD,3.649500
2025-08-12,178293,USD,3.670200
2025-08-13,178294,USD,3.635300
2025-08-14,178295,USD,3.654200
2025-08-18,178296,USD,3.643400
2025-08-19,178297,USD,3.633200
2025-08-20,178298,USD,3.654000
2025-08-21,178299,USD,3.648300
2025-08-22,178300,USD,3.678600
2025-08-25,178301,USD,3.642100
2025-08-26,178302,USD,3.671600
2025-08-27,178303,USD,3.679300
2025-08-28,178304,USD,3.665800
2025-08-29,178305,USD,3.655900
2025-09-01,178306,USD,3.627800
2025-09-02,178307,USD,3.662600
2025-09-03,178308,USD,3.653800
2025-09-04,178309,USD,3.650100
2025-09-05,178310,USD,3.635700
2025-09-08,178311,USD,3.621400
2025-09-09,178312,USD,3.617300
2025-09-10,178313,USD,3.641400
2025-09-11,178314,USD,3.645900
2025-09-12,178315,USD,3.635000
2025-09-15,178316,USD,3.618800
2025-09-16,178317,USD,3.603400
2025-09-17,178318,USD,3.591900
2025-09-18,178319,USD,3.598600
2025-09-19,178320,USD,3.627800
2025-09-22,178321,USD,3.625500
2025-09-23,178322,USD,3.605000
2025-09-24,178323,USD,3.625400
2025-09-25,178324,USD,3.629500
2025-09-26,178325,USD,3.652800
2025-09-29,178326,USD,3.641100
2025-09-30,178327,USD,3.631500
2025-10-01,178328,USD,3.624500
2025-10-02,178329,USD,3.621000
2025-10-03,178330,USD,3.625300
2025-10-06,178331,USD,3.644600
2025-10-07,178332,USD,3.648100
2025-10-08,178333,USD,3.661900
2025-10-09,178334,USD,3.665900
2025-10-10,178335,USD,3.677800
2025-10-13,178336,USD,3.676300
2025-10-14,178337,USD,3.689700
2025-10-15,178338,USD,3.658500
2025-10-16,178339,USD,3.646700
2025-10-17,178340,USD,3.638800
2025-10-20,178341,USD,3.634900
2025-10-21,178342,USD,3.647900
2025-10-22,178343,USD,3.659100
2025-10-23,178344,USD,3.651900
2025-10-24,178345,USD,3.648100
2025-10-27,178346,USD,3.639500
2025-10-28,178347,USD,3.632700
2025-10-29,178348,USD,3.639900
2025-10-30,178349,USD,3.652000
2025-10-31,178350,USD,3.675100
2025-11-03,178351,USD,3.693300
2025-11-04,178352,USD,3.701900
2025-11-05,178353,USD,3.709100
2025-11-06,178354,USD,3.697100
2025-11-07,178355,USD,3.681800
2025-11-10,178356,USD,3.661000
2025-11-12,178357,USD,3.657000
2025-11-13,178358,USD,3.641700
2025-11-14,178359,USD,3.637600
2025-11-17,178360,USD,3.640000
2025-11-18,178361,USD,3.652500
2025-11-19,178362,USD,3.665600
2025-11-20,178363,USD,3.668400
2025-11-21,178364,USD,3.686800
2025-11-24,178365,USD,3.672600
2025-11-25,178366,USD,3.667500
2025-11-26,178367,USD,3.657800
2025-11-27,178368,USD,3.651000
2025-11-28,178369,USD,3.662400
2025-12-01,178370,USD,3.638300
2025-12-02,178371,USD,3.651200
2025-12-03,178372,USD,3.633300
2025-12-04,178373,USD,3.622100
2025-12-05,178374,USD,3.631300
2025-12-08,178375,USD,3.630000
2025-12-09,178376,USD,3.633600
2025-12-10,178377,USD,3.632900
2025-12-11,178378,USD,3.613200
2025-12-12,178379,USD,3.602700
2025-12-15,178380,USD,3.592800
2025-12-16,178381,USD,3.593000
2025-12-17,178382,USD,3.597600
2025-12-18,178383,USD,3.589300
2025-12-19,178384,USD,3.594100
2025-12-22,178385,USD,3.590400
2025-12-23,178386,USD,3.584800
2025-12-29,178387,USD,3.589800
2025-12-30,178388,USD,3.593600
2025-12-31,178389,USD,3.601600
2026-01-02,178390,USD,3.596300
2026-01-05,178391,USD,3.604500
2026-01-07,178392,USD,3.603500
2026-01-08,178393,USD,3.607000
2026-01-09,178394,USD,3.618400
2026-01-12,178395,USD,3.603700
2026-01-13,178396,USD,3.608300
2026-01-14,178397,USD,3.614000
2026-01-15,178398,USD,3.615300
2026-01-16,178399,USD,3.634600
2026-01-19,178400,USD,3.633100
2026-01-20,178401,USD,3.605400
2026-01-21,178402,USD,3.611800
2026-01-22,178403,USD,3.602800
2016-01-04,378801,USD,3.928100
2016-01-05,378802,USD,4.007300
2016-01-07,378803,USD,4.008500
2016-01-08,378804,USD,3.996300
2016-01-11,378805,USD,4.008500
2016-01-12,378806,USD,4.017000
2016-01-13,378807,USD,4.006800
2016-01-14,378808,USD,3.999000
2016-01-15,378809,USD,4.041100
2016-01-18,378810,USD,4.113300
2016-01-19,378811,USD,4.091700
2016-01-20,378812,USD,4.087700
2016-01-21,378813,USD,4.130300
2016-01-22,378814,USD,4.103100
2016-01-25,378815,USD,4.134600
2016-01-26,378816,USD,4.147500
2016-01-27,378817,USD,4.114400
2016-01-28,378818,USD,4.087200
2016-01-29,378819,USD,4.072300
2016-02-01,378820,USD,4.063800
2016-02-02,378821,USD,4.033300
2016-02-03,378822,USD,4.032500
2016-02-04,378823,USD,3.949200
2016-02-05,378824,USD,3.942000
2016-02-08,378825,USD,3.952500
2016-02-09,378826,USD,3.977100
2016-02-10,378827,USD,3.938300
2016-02-11,378828,USD,3.921900
2016-02-12,378829,USD,3.907400
2016-02-15,378830,USD,3.922000
2016-02-16,378831,USD,3.940400
2016-02-17,378832,USD,3.943100
2016-02-18,378833,USD,3.941600
2016-02-19,378834,USD,3.953100
2016-02-22,378835,USD,3.939100
2016-02-23,378836,USD,3.967100
2016-02-24,378837,USD,3.980300
2016-02-25,378838,USD,3.970500
2016-02-26,378839,USD,3.954500
2016-02-29,378840,USD,3.993500
2016-03-01,378841,USD,3.992400
2016-03-02,378842,USD,3.986100
2016-03-03,378843,USD,3.980500
2016-03-04,378844,USD,3.954500
2016-03-07,378845,USD,3.951500
2016-03-08,378846,USD,3.933300
2016-03-09,378847,USD,3.939500
2016-03-10,378848,USD,3.932000
2016-03-11,378849,USD,3.890300
2016-03-14,378850,USD,3.847000
2016-03-15,378851,USD,3.864900
2016-03-16,378852,USD,3.874900
2016-03-17,378853,USD,3.803700
2016-03-18,378854,USD,3.788200
2016-03-21,378855,USD,3.783800
2016-03-22,378856,USD,3.800500
2016-03-23,378857,USD,3.801000
2016-03-24,378858,USD,3.824000
2016-03-25,378859,USD,3.817400
2016-03-29,378860,USD,3.803700
2016-03-30,378861,USD,3.749500
2016-03-31,378862,USD,3.759000
2016-04-01,378863,USD,3.719300
2016-04-04,378864,USD,3.725400
2016-04-05,378865,USD,3.733700
2016-04-06,378866,USD,3.751000
2016-04-07,378867,USD,3.741400
2016-04-08,378868,USD,3.770100
2016-04-11,378869,USD,3.758700
2016-04-12,378870,USD,3.749000
2016-04-13,378871,USD,3.777100
2016-04-14,378872,USD,3.817400
2016-04-15,378873,USD,3.817600
2016-04-18,378874,USD,3.801000
2016-04-19,378875,USD,3.792500
2016-04-20,378876,USD,3.784200
2016-04-21,378877,USD,3.798100
2016-04-22,378878,USD,3.839900
2016-04-25,378879,USD,3.896200
2016-04-26,378880,USD,3.893500
2016-04-27,378881,USD,3.879300
2016-04-28,378882,USD,3.869500
2016-04-29,378883,USD,3.873800
2016-05-02,378884,USD,3.819500
2016-05-04,378885,USD,3.830000
2016-05-05,378886,USD,3.847500
2016-05-06,378887,USD,3.873200
2016-05-09,378888,USD,3.873000
2016-05-10,378889,USD,3.885300
2016-05-11,378890,USD,3.885500
2016-05-12,378891,USD,3.881100
2016-05-13,378892,USD,3.877500
2016-05-16,378893,USD,3.862500
2016-05-17,378894,USD,3.850800
2016-05-18,378895,USD,3.900500
2016-05-19,378896,USD,3.916100
2016-05-20,378897,USD,3.935800
2016-05-23,378898,USD,3.951300
2016-05-24,378899,USD,3.978900
2016-05-25,378900,USD,3.968400
2016-05-27,378901,USD,3.939300
2016-05-30,378902,USD,3.947000
2016-05-31,378903,USD,3.936900
2016-06-01,378904,USD,3.935000
2016-06-02,378905,USD,3.920400
2016-06-03,378906,USD,3.938400
2016-06-06,378907,USD,3.860200
2016-06-07,378908,USD,3.829800
2016-06-08,378909,USD,3.815000
2016-06-09,378910,USD,3.812600
2016-06-10,378911,USD,3.854500
2016-06-13,378912,USD,3.894300
2016-06-14,378913,USD,3.948300
2016-06-15,378914,USD,3.935100
2016-06-16,378915,USD,3.946900
2016-06-17,378916,USD,3.941200
2016-06-20,378917,USD,3.872400
2016-06-21,378918,USD,3.874100
2016-06-22,378919,USD,3.894500
2016-06-23,378920,USD,3.859300
2016-06-24,378921,USD,3.999400
2016-06-27,378922,USD,4.026300
2016-06-28,378923,USD,4.003000
2016-06-29,378924,USD,3.990500
2016-06-30,378925,USD,3.980300
2016-07-01,378926,USD,3.954800
2016-07-04,378927,USD,3.988600
2016-07-05,378928,USD,3.996300
2016-07-06,378929,USD,4.022500
2016-07-07,378930,USD,4.003600
2016-07-08,378931,USD,4.000100
2016-07-11,378932,USD,4.006000
2016-07-12,378933,USD,3.980700
2016-07-13,378934,USD,3.980900
2016-07-14,378935,USD,3.968100
2016-07-15,378936,USD,3.959800
2016-07-18,378937,USD,3.985300
2016-07-19,378938,USD,3.958200
2016-07-20,378939,USD,3.979000
2016-07-21,378940,USD,3.968500
2016-07-22,378941,USD,3.950400
2016-07-25,378942,USD,3.969700
2016-07-26,378943,USD,3.968200
2016-07-27,378944,USD,3.973900
2016-07-28,378945,USD,3.938900
2016-07-29,378946,USD,3.936400
2016-08-01,378947,USD,3.904000
2016-08-02,378948,USD,3.882000
2016-08-03,378949,USD,3.851600
2016-08-04,378950,USD,3.858800
2016-08-05,378951,USD,3.854200
2016-08-08,378952,USD,3.870600
2016-08-09,378953,USD,3.848200
2016-08-10,378954,USD,3.825000
2016-08-11,378955,USD,3.829700
2016-08-12,378956,USD,3.821900
2016-08-16,378957,USD,3.792900
2016-08-17,378958,USD,3.807500
2016-08-18,378959,USD,3.782600
2016-08-19,378960,USD,3.790500
2016-08-22,378961,USD,3.809000
2016-08-23,378962,USD,3.806100
2016-08-24,378963,USD,3.817400
2016-08-25,378964,USD,3.819000
2016-08-26,378965,USD,3.832800
2016-08-29,378966,USD,3.878900
2016-08-30,378967,USD,3.885800
2016-08-31,378968,USD,3.908200
2016-09-01,378969,USD,3.911600
2016-09-02,378970,USD,3.916400
2016-09-05,378971,USD,3.893700
2016-09-06,378972,USD,3.886900
2016-09-07,378973,USD,3.851500
2016-09-08,378974,USD,3.825500
2016-09-09,378975,USD,3.838500
2016-09-12,378976,USD,3.866800
2016-09-13,378977,USD,3.873400
2016-09-14,378978,USD,3.871600
2016-09-15,378979,USD,3.858700
2016-09-16,378980,USD,3.849700
2016-09-19,378981,USD,3.858600
2016-09-20,378982,USD,3.843800
2016-09-21,378983,USD,3.860100
2016-09-22,378984,USD,3.812800
2016-09-23,378985,USD,3.832800
2016-09-26,378986,USD,3.832400
2016-09-27,378987,USD,3.822700
2016-09-28,378988,USD,3.826400
2016-09-29,378989,USD,3.835400
2016-09-30,378990,USD,3.855800
2016-10-03,378991,USD,3.825200
2016-10-04,378992,USD,3.847200
2016-10-05,378993,USD,3.830700
2016-10-06,378994,USD,3.840500
2016-10-07,378995,USD,3.850500
2016-10-10,378996,USD,3.830700
2016-10-11,378997,USD,3.848700
2016-10-12,378998,USD,3.885100
2016-10-13,378999,USD,3.916400
2016-10-14,379000,USD,3.896500
2016-10-17,379001,USD,3.926500
2016-10-18,379002,USD,3.914800
2016-10-19,379003,USD,3.928500
2016-10-20,379004,USD,3.935900
2016-10-21,379005,USD,3.980000
2016-10-24,379006,USD,3.969000
2016-10-25,379007,USD,3.954300
2016-10-26,379008,USD,3.951700
2016-10-27,379009,USD,3.976000
2016-10-28,379010,USD,3.969600
2016-10-31,379011,USD,3.948800
2016-11-02,379012,USD,3.895400
2016-11-03,379013,USD,3.896500
2016-11-04,379014,USD,3.886200
2016-11-07,379015,USD,3.913200
2016-11-08,379016,USD,3.916900
2016-11-09,379017,USD,3.930500
2016-11-10,379018,USD,3.985600
2016-11-14,379019,USD,4.080500
2016-11-15,379020,USD,4.083700
2016-11-16,379021,USD,4.138000
2016-11-17,379022,USD,4.137500
2016-11-18,379023,USD,4.196800
2016-11-21,379024,USD,4.174800
2016-11-22,379025,USD,4.150700
2016-11-23,379026,USD,4.158800
2016-11-24,379027,USD,4.188000
2016-11-25,379028,USD,4.162800
2016-11-28,379029,USD,4.152100
2016-11-29,379030,USD,4.182700
2016-11-30,379031,USD,4.172100
2016-12-01,379032,USD,4.198700
2016-12-02,379033,USD,4.215000
2016-12-05,379034,USD,4.221300
2016-12-06,379035,USD,4.182500
2016-12-07,379036,USD,4.126800
2016-12-08,379037,USD,4.110700
2016-12-09,379038,USD,4.177200
2016-12-12,379039,USD,4.209000
2016-12-13,379040,USD,4.190500
2016-12-14,379041,USD,4.176800
2016-12-15,379042,USD,4.232900
2016-12-16,379043,USD,4.229600
2016-12-19,379044,USD,4.225500
2016-12-20,379045,USD,4.249300
2016-12-21,379046,USD,4.248400
2016-12-22,379047,USD,4.222200
2016-12-23,379048,USD,4.219900
2016-12-27,379049,USD,4.212000
2016-12-28,379050,USD,4.226000
2016-12-29,379051,USD,4.216100
2016-12-30,379052,USD,4.179300
2017-01-02,379053,USD,4.210600
2017-01-03,379054,USD,4.227100
2017-01-04,379055,USD,4.203700
2017-01-05,379056,USD,4.166700
2017-01-09,379057,USD,4.159200
2017-01-10,379058,USD,4.127000
2017-01-11,379059,USD,4.146500
2017-01-12,379060,USD,4.110300
2017-01-13,379061,USD,4.108400
2017-01-16,379062,USD,4.135400
2017-01-17,379063,USD,4.098900
2017-01-18,379064,USD,4.087000
2017-01-19,379065,USD,4.101400
2017-01-20,379066,USD,4.100500
2017-01-23,379067,USD,4.076000
2017-01-24,379068,USD,4.070800
2017-01-25,379069,USD,4.058500
2017-01-26,379070,USD,4.059000
2017-01-27,379071,USD,4.059500
2017-01-30,379072,USD,4.047200
2017-01-31,379073,USD,4.044600
2017-02-01,379074,USD,4.007100
2017-02-02,379075,USD,3.983500
2017-02-03,379076,USD,4.001400
2017-02-06,379077,USD,3.989200
2017-02-07,379078,USD,4.028000
2017-02-08,379079,USD,4.052100
2017-02-09,379080,USD,4.033200
2017-02-10,379081,USD,4.043500
2017-02-13,379082,USD,4.049600
2017-02-14,379083,USD,4.052500
2017-02-15,379084,USD,4.075200
2017-02-16,379085,USD,4.056700
2017-02-17,379086,USD,4.069300
2017-02-20,379087,USD,4.069200
2017-02-21,379088,USD,4.094200
2017-02-22,379089,USD,4.089900
2017-02-23,379090,USD,4.084000
2017-02-24,379091,USD,4.068100
2017-02-27,379092,USD,4.074500
2017-02-28,379093,USD,4.077000
2017-03-01,379094,USD,4.075600
2017-03-02,379095,USD,4.076500
2017-03-03,379096,USD,4.095500
2017-03-06,379097,USD,4.066300
2017-03-07,379098,USD,4.080300
2017-03-08,379099,USD,4.081800
2017-03-09,379100,USD,4.086400
2017-03-10,379101,USD,4.076100
2017-03-13,379102,USD,4.074700
2017-03-14,379103,USD,4.069700
2017-03-15,379104,USD,4.064600
2017-03-16,379105,USD,4.030000
2017-03-17,379106,USD,3.991700
2017-03-20,379107,USD,3.982100
2017-03-21,379108,USD,3.950200
2017-03-22,379109,USD,3.973100
2017-03-23,379110,USD,3.968700
2017-03-24,379111,USD,3.948100
2017-03-27,379112,USD,3.925900
2017-03-28,379113,USD,3.916900
2017-03-29,379114,USD,3.926500
2017-03-30,379115,USD,3.940200
2017-03-31,379116,USD,3.945500
2017-04-03,379117,USD,3.966400
2017-04-04,379118,USD,3.989000
2017-04-05,379119,USD,3.978300
2017-04-06,379120,USD,3.979200
2017-04-07,379121,USD,3.975500
2017-04-10,379122,USD,3.995600
2017-04-11,379123,USD,4.000900
2017-04-12,379124,USD,4.002600
2017-04-13,379125,USD,3.988600
2017-04-14,379126,USD,3.991100
2017-04-18,379127,USD,3.980000
2017-04-19,379128,USD,3.957100
2017-04-20,379129,USD,3.958800
2017-04-21,379130,USD,3.984100
2017-04-24,379131,USD,3.906000
2017-04-25,379132,USD,3.887300
2017-04-26,379133,USD,3.875700
2017-04-27,379134,USD,3.877600
2017-04-28,379135,USD,3.869600
2017-05-02,379136,USD,3.867500
2017-05-04,379137,USD,3.863000
2017-05-05,379138,USD,3.849000
2017-05-08,379139,USD,3.839100
2017-05-09,379140,USD,3.874100
2017-05-10,379141,USD,3.877700
2017-05-11,379142,USD,3.874400
2017-05-12,379143,USD,3.883700
2017-05-15,379144,USD,3.846300
2017-05-16,379145,USD,3.793200
2017-05-17,379146,USD,3.780800
2017-05-18,379147,USD,3.792600
2017-05-19,379148,USD,3.773500
2017-05-22,379149,USD,3.752600
2017-05-23,379150,USD,3.735400
2017-05-24,379151,USD,3.753500
2017-05-25,379152,USD,3.717700
2017-05-26,379153,USD,3.724800
2017-05-29,379154,USD,3.737100
2017-05-30,379155,USD,3.747100
2017-05-31,379156,USD,3.735400
2017-06-01,379157,USD,3.726200
2017-06-02,379158,USD,3.732300
2017-06-05,379159,USD,3.706600
2017-06-06,379160,USD,3.725000
2017-06-07,379161,USD,3.724100
2017-06-08,379162,USD,3.740000
2017-06-09,379163,USD,3.746500
2017-06-12,379164,USD,3.735000
2017-06-13,379165,USD,3.737900
2017-06-14,379166,USD,3.749700
2017-06-16,379167,USD,3.774900
2017-06-19,379168,USD,3.761500
2017-06-20,379169,USD,3.786200
2017-06-21,379170,USD,3.809000
2017-06-22,379171,USD,3.800200
2017-06-23,379172,USD,3.782400
2017-06-26,379173,USD,3.765300
2017-06-27,379174,USD,3.744200
2017-06-28,379175,USD,3.724900
2017-06-29,379176,USD,3.712200
2017-06-30,379177,USD,3.706200
2017-07-03,379178,USD,3.719600
2017-07-04,379179,USD,3.737200
2017-07-05,379180,USD,3.747100
2017-07-06,379181,USD,3.735100
2017-07-07,379182,USD,3.706800
2017-07-10,379183,USD,3.716000
2017-07-11,379184,USD,3.723500
2017-07-12,379185,USD,3.703400
2017-07-13,379186,USD,3.713300
2017-07-14,379187,USD,3.698600
2017-07-17,379188,USD,3.676700
2017-07-18,379189,USD,3.646900
2017-07-19,379190,USD,3.648600
2017-07-20,379191,USD,3.660400
2017-07-21,379192,USD,3.632000
2017-07-24,379193,USD,3.639500
2017-07-25,379194,USD,3.651900
2017-07-26,379195,USD,3.666100
2017-07-27,379196,USD,3.636600
2017-07-28,379197,USD,3.640600
2017-07-31,379198,USD,3.626400
2017-08-01,379199,USD,3.599100
2017-08-02,379200,USD,3.586300
2017-08-03,379201,USD,3.591800
2017-08-04,379202,USD,3.570200
2017-08-07,379203,USD,3.599500
2017-08-08,379204,USD,3.602700
2017-08-09,379205,USD,3.634200
2017-08-10,379206,USD,3.643200
2017-08-11,379207,USD,3.644900
2017-08-14,379208,USD,3.627800
2017-08-16,379209,USD,3.643500
2017-08-17,379210,USD,3.625800
2017-08-18,379211,USD,3.645900
2017-08-21,379212,USD,3.640800
2017-08-22,379213,USD,3.633400
2017-08-23,379214,USD,3.627400
2017-08-24,379215,USD,3.632900
2017-08-25,379216,USD,3.611200
2017-08-28,379217,USD,3.573600
2017-08-29,379218,USD,3.537200
2017-08-30,379219,USD,3.567800
2017-08-31,379220,USD,3.582200
2017-09-01,379221,USD,3.569300
2017-09-04,379222,USD,3.571800
2017-09-05,379223,USD,3.564200
2017-09-06,379224,USD,3.553800
2017-09-07,379225,USD,3.551100
2017-09-08,379226,USD,3.523900
2017-09-11,379227,USD,3.529300
2017-09-12,379228,USD,3.555200
2017-09-13,379229,USD,3.562700
2017-09-14,379230,USD,3.598400
2017-09-15,379231,USD,3.586300
2017-09-18,379232,USD,3.588100
2017-09-19,379233,USD,3.582100
2017-09-20,379234,USD,3.561900
2017-09-21,379235,USD,3.597500
2017-09-22,379236,USD,3.565100
2017-09-25,379237,USD,3.586600
2017-09-26,379238,USD,3.623400
2017-09-27,379239,USD,3.665000
2017-09-28,379240,USD,3.668200
2017-09-29,379241,USD,3.651900
2017-10-02,379242,USD,3.672600
2017-10-03,379243,USD,3.673700
2017-10-04,379244,USD,3.659700
2017-10-05,379245,USD,3.650200
2017-10-06,379246,USD,3.679900
2017-10-09,379247,USD,3.674300
2017-10-10,379248,USD,3.646800
2017-10-11,379249,USD,3.621900
2017-10-12,379250,USD,3.600000
2017-10-13,379251,USD,3.601000
2017-10-16,379252,USD,3.600400
2017-10-17,379253,USD,3.596400
2017-10-18,379254,USD,3.600600
2017-10-19,379255,USD,3.589600
2017-10-20,379256,USD,3.596600
2017-10-23,379257,USD,3.606100
2017-10-24,379258,USD,3.603100
2017-10-25,379259,USD,3.600600
2017-10-26,379260,USD,3.593900
2017-10-27,379261,USD,3.656800
2017-10-30,379262,USD,3.643000
2017-10-31,379263,USD,3.652900
2017-11-02,379264,USD,3.636600
2017-11-03,379265,USD,3.640800
2017-11-06,379266,USD,3.658500
2017-11-07,379267,USD,3.665200
2017-11-08,379268,USD,3.659500
2017-11-09,379269,USD,3.646600
2017-11-10,379270,USD,3.627400
2017-11-13,379271,USD,3.638200
2017-11-14,379272,USD,3.612600
2017-11-15,379273,USD,3.588600
2017-11-16,379274,USD,3.595800
2017-11-17,379275,USD,3.596500
2017-11-20,379276,USD,3.590900
2017-11-21,379277,USD,3.606000
2017-11-22,379278,USD,3.588100
2017-11-23,379279,USD,3.555700
2017-11-24,379280,USD,3.548600
2017-11-27,379281,USD,3.527600
2017-11-28,379282,USD,3.538200
2017-11-29,379283,USD,3.538500
2017-11-30,379284,USD,3.554300
2017-12-01,379285,USD,3.535200
2017-12-04,379286,USD,3.549900
2017-12-05,379287,USD,3.545400
2017-12-06,379288,USD,3.565300
2017-12-07,379289,USD,3.572200
2017-12-08,379290,USD,3.580800
2017-12-11,379291,USD,3.563300
2017-12-12,379292,USD,3.570800
2017-12-13,379293,USD,3.588000
2017-12-14,379294,USD,3.571600
2017-12-15,379295,USD,3.578600
2017-12-18,379296,USD,3.574000
2017-12-19,379297,USD,3.558300
2017-12-20,379298,USD,3.545900
2017-12-21,379299,USD,3.536900
2017-12-22,379300,USD,3.539300
2017-12-27,379301,USD,3.525300
2017-12-28,379302,USD,3.504600
2017-12-29,379303,USD,3.481300
2018-01-02,379304,USD,3.454600
2018-01-03,379305,USD,3.461600
2018-01-04,379306,USD,3.447200
2018-01-05,379307,USD,3.448800
2018-01-08,379308,USD,3.473500
2018-01-09,379309,USD,3.499200
2018-01-10,379310,USD,3.499900
2018-01-11,379311,USD,3.495000
2018-01-12,379312,USD,3.436600
2018-01-15,379313,USD,3.401000
2018-01-16,379314,USD,3.419000
2018-01-17,379315,USD,3.410900
2018-01-18,379316,USD,3.410800
2018-01-19,379317,USD,3.399400
2018-01-22,379318,USD,3.403600
2018-01-23,379319,USD,3.408400
2018-01-24,379320,USD,3.375000
2018-01-25,379321,USD,3.337600
2018-01-26,379322,USD,3.329900
2018-01-29,379323,USD,3.337500
2018-01-30,379324,USD,3.344200
2018-01-31,379325,USD,3.331800
2018-02-01,379326,USD,3.334600
2018-02-02,379327,USD,3.332900
2018-02-05,379328,USD,3.337500
2018-02-06,379329,USD,3.349800
2018-02-07,379330,USD,3.367700
2018-02-08,379331,USD,3.411900
2018-02-09,379332,USD,3.426300
2018-02-12,379333,USD,3.412200
2018-02-13,379334,USD,3.391600
2018-02-14,379335,USD,3.376900
2018-02-15,379336,USD,3.325900
2018-02-16,379337,USD,3.317300
2018-02-19,379338,USD,3.341100
2018-02-20,379339,USD,3.359700
2018-02-21,379340,USD,3.369700
2018-02-22,379341,USD,3.400900
2018-02-23,379342,USD,3.391100
2018-02-26,379343,USD,3.379900
2018-02-27,379344,USD,3.381600
2018-02-28,379345,USD,3.418800
2018-03-01,379346,USD,3.435600
2018-03-02,379347,USD,3.420000
2018-03-05,379348,USD,3.399500
2018-03-06,379349,USD,3.393600
2018-03-07,379350,USD,3.374400
2018-03-08,379351,USD,3.393500
2018-03-09,379352,USD,3.413200
2018-03-12,379353,USD,3.406600
2018-03-13,379354,USD,3.414300
2018-03-14,379355,USD,3.405500
2018-03-15,379356,USD,3.411700
2018-03-16,379357,USD,3.421400
2018-03-19,379358,USD,3.434100
2018-03-20,379359,USD,3.429600
2018-03-21,379360,USD,3.454400
2018-03-22,379361,USD,3.426400
2018-03-23,379362,USD,3.431900
2018-03-26,379363,USD,3.414500
2018-03-27,379364,USD,3.392100
2018-03-28,379365,USD,3.395600
2018-03-29,379366,USD,3.420100
2018-03-30,379367,USD,3.413900
2018-04-03,379368,USD,3.417700
2018-04-04,379369,USD,3.422400
2018-04-05,379370,USD,3.430100
2018-04-06,379371,USD,3.431500
2018-04-09,379372,USD,3.417400
2018-04-10,379373,USD,3.406800
2018-04-11,379374,USD,3.385900
2018-04-12,379375,USD,3.392400
2018-04-13,379376,USD,3.386200
2018-04-16,379377,USD,3.366600
2018-04-17,379378,USD,3.357200
2018-04-18,379379,USD,3.372100
2018-04-19,379380,USD,3.369300
2018-04-20,379381,USD,3.388100
2018-04-23,379382,USD,3.415600
2018-04-24,379383,USD,3.440100
2018-04-25,379384,USD,3.454800
2018-04-26,379385,USD,3.482700
2018-04-27,379386,USD,3.500300
2018-04-30,379387,USD,3.486800
2018-05-02,379388,USD,3.556300
2018-05-04,379389,USD,3.575400
2018-05-07,379390,USD,3.563400
2018-05-08,379391,USD,3.588400
2018-05-09,379392,USD,3.609000
2018-05-10,379393,USD,3.577300
2018-05-11,379394,USD,3.570800
2018-05-14,379395,USD,3.555800
2018-05-15,379396,USD,3.593100
2018-05-16,379397,USD,3.624100
2018-05-17,379398,USD,3.628300
2018-05-18,379399,USD,3.638500
2018-05-21,379400,USD,3.661500
2018-05-22,379401,USD,3.625200
2018-05-23,379402,USD,3.669300
2018-05-24,379403,USD,3.659000
2018-05-25,379404,USD,3.668600
2018-05-28,379405,USD,3.684900
2018-05-29,379406,USD,3.729900
2018-05-30,379407,USD,3.720000
2018-06-01,379408,USD,3.693400
2018-06-04,379409,USD,3.666500
2018-06-05,379410,USD,3.656900
2018-06-06,379411,USD,3.647000
2018-06-07,379412,USD,3.606200
2018-06-08,379413,USD,3.647900
2018-06-11,379414,USD,3.624700
2018-06-12,379415,USD,3.627100
2018-06-13,379416,USD,3.646100
2018-06-14,379417,USD,3.615500
2018-06-15,379418,USD,3.692200
2018-06-18,379419,USD,3.700300
2018-06-19,379420,USD,3.731600
2018-06-20,379421,USD,3.735200
2018-06-21,379422,USD,3.760700
2018-06-22,379423,USD,3.697700
2018-06-25,379424,USD,3.708700
2018-06-26,379425,USD,3.715100
2018-06-27,379426,USD,3.735100
2018-06-28,379427,USD,3.770500
2018-06-29,379428,USD,3.744000
2018-07-02,379429,USD,3.770300
2018-07-03,379430,USD,3.772300
2018-07-04,379431,USD,3.775900
2018-07-05,379432,USD,3.748500
2018-07-06,379433,USD,3.722200
2018-07-09,379434,USD,3.685000
2018-07-10,379435,USD,3.697300
2018-07-11,379436,USD,3.700000
2018-07-12,379437,USD,3.705500
2018-07-13,379438,USD,3.724400
2018-07-16,379439,USD,3.682800
2018-07-17,379440,USD,3.661900
2018-07-18,379441,USD,3.703100
2018-07-19,379442,USD,3.716300
2018-07-20,379443,USD,3.717000
2018-07-23,379444,USD,3.695700
2018-07-24,379445,USD,3.702000
2018-07-25,379446,USD,3.679300
2018-07-26,379447,USD,3.664900
2018-07-27,379448,USD,3.693700
2018-07-30,379449,USD,3.668400
2018-07-31,379450,USD,3.648100
2018-08-01,379451,USD,3.660300
2018-08-02,379452,USD,3.678300
2018-08-03,379453,USD,3.692600
2018-08-06,379454,USD,3.692000
2018-08-07,379455,USD,3.672200
2018-08-08,379456,USD,3.678200
2018-08-09,379457,USD,3.684600
2018-08-10,379458,USD,3.748100
2018-08-13,379459,USD,3.786200
2018-08-14,379460,USD,3.776800
2018-08-16,379461,USD,3.787100
2018-08-17,379462,USD,3.778400
2018-08-20,379463,USD,3.769500
2018-08-21,379464,USD,3.737500
2018-08-22,379465,USD,3.710400
2018-08-23,379466,USD,3.706900
2018-08-24,379467,USD,3.701400
2018-08-27,379468,USD,3.682000
2018-08-28,379469,USD,3.654800
2018-08-29,379470,USD,3.674700
2018-08-30,379471,USD,3.672400
2018-08-31,379472,USD,3.680800
2018-09-03,379473,USD,3.699100
2018-09-04,379474,USD,3.724100
2018-09-05,379475,USD,3.733000
2018-09-06,379476,USD,3.714300
2018-09-07,379477,USD,3.699500
2018-09-10,379478,USD,3.728300
2018-09-11,379479,USD,3.708700
2018-09-12,379480,USD,3.719800
2018-09-13,379481,USD,3.713000
2018-09-14,379482,USD,3.681700
2018-09-17,379483,USD,3.687600
2018-09-18,379484,USD,3.681700
2018-09-19,379485,USD,3.668500
2018-09-20,379486,USD,3.670200
2018-09-21,379487,USD,3.640200
2018-09-24,379488,USD,3.662000
2018-09-25,379489,USD,3.651100
2018-09-26,379490,USD,3.643000
2018-09-27,379491,USD,3.655700
2018-09-28,379492,USD,3.675400
2018-10-01,379493,USD,3.686700
2018-10-02,379494,USD,3.732600
2018-10-03,379495,USD,3.710300
2018-10-04,379496,USD,3.751200
2018-10-05,379497,USD,3.751800
2018-10-08,379498,USD,3.757400
2018-10-09,379499,USD,3.762900
2018-10-10,379500,USD,3.750700
2018-10-11,379501,USD,3.739900
2018-10-12,379502,USD,3.713000
2018-10-15,379503,USD,3.709100
2018-10-16,379504,USD,3.703600
2018-10-17,379505,USD,3.712300
2018-10-18,379506,USD,3.730200
2018-10-19,379507,USD,3.760100
2018-10-22,379508,USD,3.727300
2018-10-23,379509,USD,3.748500
2018-10-24,379510,USD,3.769800
2018-10-25,379511,USD,3.779600
2018-10-26,379512,USD,3.789900
2018-10-29,379513,USD,3.793000
2018-10-30,379514,USD,3.806200
2018-10-31,379515,USD,3.820300
2018-11-02,379516,USD,3.780400
2018-11-05,379517,USD,3.790700
2018-11-06,379518,USD,3.780200
2018-11-07,379519,USD,3.739800
2018-11-08,379520,USD,3.759900
2018-11-09,379521,USD,3.783800
2018-11-12,379522,USD,3.816300
2018-11-13,379523,USD,3.826800
2018-11-14,379524,USD,3.811400
2018-11-15,379525,USD,3.807400
2018-11-16,379526,USD,3.787600
2018-11-19,379527,USD,3.784000
2018-11-20,379528,USD,3.790000
2018-11-21,379529,USD,3.782900
2018-11-22,379530,USD,3.776400
2018-11-23,379531,USD,3.777900
2018-11-26,379532,USD,3.770100
2018-11-27,379533,USD,3.794800
2018-11-28,379534,USD,3.811400
2018-11-29,379535,USD,3.772800
2018-11-30,379536,USD,3.773100
2018-12-03,379537,USD,3.767200
2018-12-04,379538,USD,3.751600
2018-12-05,379539,USD,3.783200
2018-12-06,379540,USD,3.784400
2018-12-07,379541,USD,3.769400
2018-12-10,379542,USD,3.760000
2018-12-11,379543,USD,3.776300
2018-12-12,379544,USD,3.793400
2018-12-13,379545,USD,3.773900
2018-12-14,379546,USD,3.809500
2018-12-17,379547,USD,3.787100
2018-12-18,379548,USD,3.766800
2018-12-19,379549,USD,3.761900
2018-12-20,379550,USD,3.733100
2018-12-21,379551,USD,3.752800
2018-12-24,379552,USD,3.758800
2018-12-27,379553,USD,3.761600
2018-12-28,379554,USD,3.755000
2018-12-31,379555,USD,3.759700
2019-01-02,379556,USD,3.761900
2019-01-03,379557,USD,3.782700
2019-01-04,379558,USD,3.772000
2019-01-07,379559,USD,3.757500
2019-01-08,379560,USD,3.755900
2019-01-09,379561,USD,3.750900
2019-01-10,379562,USD,3.736000
2019-01-11,379563,USD,3.728900
2019-01-14,379564,USD,3.745800
2019-01-15,379565,USD,3.754200
2019-01-16,379566,USD,3.761900
2019-01-17,379567,USD,3.761500
2019-01-18,379568,USD,3.769400
2019-01-21,379569,USD,3.775100
2019-01-22,379570,USD,3.772700
2019-01-23,379571,USD,3.774700
2019-01-24,379572,USD,3.784400
2019-01-25,379573,USD,3.789300
2019-01-28,379574,USD,3.759200
2019-01-29,379575,USD,3.756300
2019-01-30,379576,USD,3.757700
2019-01-31,379577,USD,3.727100
2019-02-01,379578,USD,3.724300
2019-02-04,379579,USD,3.740800
2019-02-05,379580,USD,3.754200
2019-02-06,379581,USD,3.770600
2019-02-07,379582,USD,3.791900
2019-02-08,379583,USD,3.804000
2019-02-11,379584,USD,3.819000
2019-02-12,379585,USD,3.838000
2019-02-13,379586,USD,3.826100
2019-02-14,379587,USD,3.851600
2019-02-15,379588,USD,3.832600
2019-02-18,379589,USD,3.828600
2019-02-19,379590,USD,3.831100
2019-02-20,379591,USD,3.822100
2019-02-21,379592,USD,3.824700
2019-02-22,379593,USD,3.824200
2019-02-25,379594,USD,3.824100
2019-02-26,379595,USD,3.812400
2019-02-27,379596,USD,3.788600
2019-02-28,379597,USD,3.785300
2019-03-01,379598,USD,3.792000
2019-03-04,379599,USD,3.789300
2019-03-05,379600,USD,3.797700
2019-03-06,379601,USD,3.803800
2019-03-07,379602,USD,3.803800
2019-03-08,379603,USD,3.840900
2019-03-11,379604,USD,3.819900
2019-03-12,379605,USD,3.811600
2019-03-13,379606,USD,3.807700
2019-03-14,379607,USD,3.801800
2019-03-15,379608,USD,3.801400
2019-03-18,379609,USD,3.787600
2019-03-19,379610,USD,3.782300
2019-03-20,379611,USD,3.776700
2019-03-21,379612,USD,3.758100
2019-03-22,379613,USD,3.794800
2019-03-25,379614,USD,3.796600
2019-03-26,379615,USD,3.796900
2019-03-27,379616,USD,3.811300
2019-03-28,379617,USD,3.820200
2019-03-29,379618,USD,3.836500
2019-04-01,379619,USD,3.826700
2019-04-02,379620,USD,3.840300
2019-04-03,379621,USD,3.819200
2019-04-04,379622,USD,3.821500
2019-04-05,379623,USD,3.821500
2019-04-08,379624,USD,3.818800
2019-04-09,379625,USD,3.800300
2019-04-10,379626,USD,3.802300
2019-04-11,379627,USD,3.796400
2019-04-12,379628,USD,3.789900
2019-04-15,379629,USD,3.778900
2019-04-16,379630,USD,3.780200
2019-04-17,379631,USD,3.777800
2019-04-18,379632,USD,3.800200
2019-04-19,379633,USD,3.805100
2019-04-23,379634,USD,3.811800
2019-04-24,379635,USD,3.822900
2019-04-25,379636,USD,3.853700
2019-04-26,379637,USD,3.850800
2019-04-29,379638,USD,3.846800
2019-04-30,379639,USD,3.829100
2019-05-02,379640,USD,3.817700
2019-05-06,379641,USD,3.831300
2019-05-07,379642,USD,3.827800
2019-05-08,379643,USD,3.832500
2019-05-09,379644,USD,3.841000
2019-05-10,379645,USD,3.824200
2019-05-13,379646,USD,3.832100
2019-05-14,379647,USD,3.832300
2019-05-15,379648,USD,3.845700
2019-05-16,379649,USD,3.825900
2019-05-17,379650,USD,3.854500
2019-05-20,379651,USD,3.854300
2019-05-21,379652,USD,3.862500
2019-05-22,379653,USD,3.862000
2019-05-23,379654,USD,3.869600
2019-05-24,379655,USD,3.843600
2019-05-27,379656,USD,3.837400
2019-05-28,379657,USD,3.838600
2019-05-29,379658,USD,3.855400
2019-05-30,379659,USD,3.854800
2019-05-31,379660,USD,3.849800
2019-06-03,379661,USD,3.829200
2019-06-04,379662,USD,3.804100
2019-06-05,379663,USD,3.792900
2019-06-06,379664,USD,3.806500
2019-06-07,379665,USD,3.795800
2019-06-10,379666,USD,3.774500
2019-06-11,379667,USD,3.772200
2019-06-12,379668,USD,3.763000
2019-06-13,379669,USD,3.773600
2019-06-14,379670,USD,3.772700
2019-06-17,379671,USD,3.798900
2019-06-18,379672,USD,3.809700
2019-06-19,379673,USD,3.810400
2019-06-21,379674,USD,3.770500
2019-06-24,379675,USD,3.736000
2019-06-25,379676,USD,3.737600
2019-06-26,379677,USD,3.754000
2019-06-27,379678,USD,3.742600
2019-06-28,379679,USD,3.733600
2019-07-01,379680,USD,3.743000
2019-07-02,379681,USD,3.759300
2019-07-03,379682,USD,3.759600
2019-07-04,379683,USD,3.761800
2019-07-05,379684,USD,3.768900
2019-07-08,379685,USD,3.785700
2019-07-09,379686,USD,3.807400
2019-07-10,379687,USD,3.806600
2019-07-11,379688,USD,3.785900
2019-07-12,379689,USD,3.788900
2019-07-15,379690,USD,3.785600
2019-07-16,379691,USD,3.786700
2019-07-17,379692,USD,3.803800
2019-07-18,379693,USD,3.793300
2019-07-19,379694,USD,3.785500
2019-07-22,379695,USD,3.786900
2019-07-23,379696,USD,3.799700
2019-07-24,379697,USD,3.822900
2019-07-25,379698,USD,3.819900
2019-07-26,379699,USD,3.829600
2019-07-29,379700,USD,3.845300
2019-07-30,379701,USD,3.849300
2019-07-31,379702,USD,3.850400
2019-08-01,379703,USD,3.886000
2019-08-02,379704,USD,3.882900
2019-08-05,379705,USD,3.873900
2019-08-06,379706,USD,3.848200
2019-08-07,379707,USD,3.859700
2019-08-08,379708,USD,3.853800
2019-08-09,379709,USD,3.861300
2019-08-12,379710,USD,3.871100
2019-08-13,379711,USD,3.871400
2019-08-14,379712,USD,3.889000
2019-08-16,379713,USD,3.928100
2019-08-19,379714,USD,3.919900
2019-08-20,379715,USD,3.940800
2019-08-21,379716,USD,3.921000
2019-08-22,379717,USD,3.933700
2019-08-23,379718,USD,3.937100
2019-08-26,379719,USD,3.933500
2019-08-27,379720,USD,3.930900
2019-08-28,379721,USD,3.954800
2019-08-29,379722,USD,3.958600
2019-08-30,379723,USD,3.971700
2019-09-02,379724,USD,3.981900
2019-09-03,379725,USD,3.988200
2019-09-04,379726,USD,3.941400
2019-09-05,379727,USD,3.933000
2019-09-06,379728,USD,3.931500
2019-09-09,379729,USD,3.931000
2019-09-10,379730,USD,3.927300
2019-09-11,379731,USD,3.932400
2019-09-12,379732,USD,3.936200
2019-09-13,379733,USD,3.912000
2019-09-16,379734,USD,3.911600
2019-09-17,379735,USD,3.941200
2019-09-18,379736,USD,3.932200
2019-09-19,379737,USD,3.926700
2019-09-20,379738,USD,3.931900
2019-09-23,379739,USD,3.998300
2019-09-24,379740,USD,3.983800
2019-09-25,379741,USD,3.985600
2019-09-26,379742,USD,4.009200
2019-09-27,379743,USD,4.015400
2019-09-30,379744,USD,4.000000
2019-10-01,379745,USD,4.014700
2019-10-02,379746,USD,4.015200
2019-10-03,379747,USD,3.965200
2019-10-04,379748,USD,3.946900
2019-10-07,379749,USD,3.949800
2019-10-08,379750,USD,3.940500
2019-10-09,379751,USD,3.938200
2019-10-10,379752,USD,3.922600
2019-10-11,379753,USD,3.914500
2019-10-14,379754,USD,3.895800
2019-10-15,379755,USD,3.895200
2019-10-16,379756,USD,3.893400
2019-10-17,379757,USD,3.863800
2019-10-18,379758,USD,3.850300
2019-10-21,379759,USD,3.830700
2019-10-22,379760,USD,3.840800
2019-10-23,379761,USD,3.847300
2019-10-24,379762,USD,3.844800
2019-10-25,379763,USD,3.845200
2019-10-28,379764,USD,3.852900
2019-10-29,379765,USD,3.859800
2019-10-30,379766,USD,3.838800
2019-10-31,379767,USD,3.817400
2019-11-04,379768,USD,3.809900
2019-11-05,379769,USD,3.830800
2019-11-06,379770,USD,3.849700
2019-11-07,379771,USD,3.850200
2019-11-08,379772,USD,3.862500
2019-11-12,379773,USD,3.878000
2019-11-13,379774,USD,3.890200
2019-11-14,379775,USD,3.901100
2019-11-15,379776,USD,3.884800
2019-11-18,379777,USD,3.876700
2019-11-19,379778,USD,3.878600
2019-11-20,379779,USD,3.879200
2019-11-21,379780,USD,3.873700
2019-11-22,379781,USD,3.885300
2019-11-25,379782,USD,3.903600
2019-11-26,379783,USD,3.903900
2019-11-27,379784,USD,3.915400
2019-11-28,379785,USD,3.925200
2019-11-29,379786,USD,3.928800
2019-12-02,379787,USD,3.904700
2019-12-03,379788,USD,3.870600
2019-12-04,379789,USD,3.864700
2019-12-05,379790,USD,3.856600
2019-12-06,379791,USD,3.850000
2019-12-09,379792,USD,3.870400
2019-12-10,379793,USD,3.871100
2019-12-11,379794,USD,3.866000
2019-12-12,379795,USD,3.850500
2019-12-13,379796,USD,3.823400
2019-12-16,379797,USD,3.831100
2019-12-17,379798,USD,3.821100
2019-12-18,379799,USD,3.830200
2019-12-19,379800,USD,3.828100
2019-12-20,379801,USD,3.831100
2019-12-23,379802,USD,3.839400
2019-12-24,379803,USD,3.848700
2019-12-27,379804,USD,3.826600
2019-12-30,379805,USD,3.802700
2019-12-31,379806,USD,3.797700
2026-01-26,398417,USD,3.549900
2026-01-27,398564,USD,3.535400
2026-01-28,398711,USD,3.504500
2026-01-29,398858,USD,3.518900
